Ppep,Group,Localized_Sequence,Motif_X_Input_Peptide
YGL076C_T8_S11,Induced,AAEKILtPEsQLKK,AAEKILT*PES*QLKK
YNR047W_T428,Induced,AASEPNGLQLASATSPtSSSAR,AASEPNGLQLASATSPT*SSSAR
YPL085W_S30,Induced,AASHsEEPLELPESTINSSFNDDSVNRTESDIASK,AASHS*EEPLELPESTINSSFNDDSVNRTESDIASK
YBR245C_S846,Induced,AAYGDIsDEEEKKQK,AAYGDIS*DEEEKKQK
YDR150W_S51,Induced,ADECGsGDEGDKTK,ADECGS*GDEGDKTK
YBL091C_S35,Induced,ADEsDPVESK,ADES*DPVESK
YJR052W_S64,Induced,AEDDsFTAEISR,AEDDS*FTAEISR
YPR171W_S220,Induced,AEVTEsPSSR,AEVTES*PSSR
YAL038W_T494,Induced,AGAGHSNtLQVSTV,AGAGHSNT*LQVSTV
YPL179W_S202,Induced,AGsFGAPSSPTSGIPNPK,AGS*FGAPSSPTSGIPNPK
YBL103C_S236,Induced,AGsFLSSSFR,AGS*FLSSSFR
YOL103W-B_S416,Induced,AHNVSTSNNSPSTDNDsISK,AHNVSTSNNSPSTDNDS*ISK
YLL021W_S599,Induced,AINsPIIRPSSSNGVPTTSR,AINS*PIIRPSSSNGVPTTSR
YDR264C_S57,Induced,AIRSGNEEEsGNEQVNHNDEAEEDPLLTR,AIRSGNEEES*GNEQVNHNDEAEEDPLLTR
YDR264C_S51,Induced,AIRsGNEEESGNEQVNHNDEAEEDPLLTR,AIRS*GNEEESGNEQVNHNDEAEEDPLLTR
YER122C_S398,Induced,AISSDQLFGRGsFDEAANR,AISSDQLFGRGS*FDEAANR
YER122C_S390,Induced,AISsDQLFGRGSFDEAANR,AISS*DQLFGRGSFDEAANR
YPL195W_S918,Induced,AKNsPEPNEFLR,AKNS*PEPNEFLR
YLL038C_T191,Induced,AKPPtTSTSLDFQR,AKPPT*TSTSLDFQR
YFL034W_S435,Induced,AKQsPLSSDVPGK,AKQS*PLSSDVPGK
YMR219W_S1096,Induced,ALENNTNMHDQVSQACsDSDRDQDSTAEK,ALENNTNMHDQVSQACS*DSDRDQDSTAEK
YPL004C_T233,Induced,ALLELLDDSPVtPGEARPAYDGYEASR,ALLELLDDSPVT*PGEARPAYDGYEASR
YGR086C_T233,Induced,ALLELLDDSPVtPGETRPAYDGYEASK,ALLELLDDSPVT*PGETRPAYDGYEASK
YER114C_S519_T525,Induced,ALsPIPSPtR,ALS*PIPSPT*R
YDR028C_S421,Induced,ANLDQNLNsPDNNRFPSSTSSSNR,ANLDQNLNS*PDNNRFPSSTSSSNR
YIR003W_S36,Induced,ANsEPPTPAGTPNVPTR,ANS*EPPTPAGTPNVPTR
YNL049C_S51,Induced,ANsFTQLAQNQQFPGSGK,ANS*FTQLAQNQQFPGSGK
YOR081C_S645,Induced,ANsLSFAIGASSLR,ANS*LSFAIGASSLR
YBL047C_S1100,Induced,ANSNEDGESVSSIQEsPK,ANSNEDGESVSSIQES*PK
YBL047C_S1087_S1100,Induced,ANsNEDGESVSSIQEsPK,ANS*NEDGESVSSIQES*PK
YBL047C_S1087,Induced,ANsNEDGESVSSIQESPK,ANS*NEDGESVSSIQESPK
YLL048C_S944,Induced,ANsSANLAAK,ANS*SANLAAK
YKL171W_S65,Induced,ANsSDTIYFRPK,ANS*SDTIYFRPK
YNR006W_S494,Induced,ANsSPTTNIDHLK,ANS*SPTTNIDHLK
YPL085W_S1633,Induced,ANsSQGSLMYSPSVEALPIDPVVPQVHETGYNDFGNK,ANS*SQGSLMYSPSVEALPIDPVVPQVHETGYNDFGNK
YGL073W_S553,Induced,ANSSTSSENPsLTPFDIESNNDR,ANSSTSSENPS*LTPFDIESNNDR
YHR097C_S222,Induced,ANSsTTTLDAIKPNSK,ANSS*TTTLDAIKPNSK
YOL087C_S773_T774,Induced,ANSTstLEGNEK,ANSTS*T*LEGNEK
YOL087C_S771,Induced,ANsTSTLEGNEK,ANS*TSTLEGNEK
YDR497C_S55,Induced,APAsDDEDR,APAS*DDEDR
YBL085W_S405_S412,Induced,APKPPSYPsPVQPPQsPSFNNR,APKPPSYPS*PVQPPQS*PSFNNR
YBL085W_S405,Induced,APKPPSYPsPVQPPQSPSFNNR,APKPPSYPS*PVQPPQSPSFNNR
YDR388W_S16,Induced,APQsFR,APQS*FR
YDL195W_S980,Induced,APSSVSMVsPPPLHK,APSSVSMVS*PPPLHK
YDR033W_T295,Induced,APVASPRPAAtPNLSK,APVASPRPAAT*PNLSK
YDR033W_S289,Induced,APVAsPRPAATPNLSK,APVAS*PRPAATPNLSK
YLR421C_S153,Induced,AQDVDVsMQD,AQDVDVS*MQD
YGR178C_T150,Induced,AQETtPAR,AQETT*PAR
YKR048C_S177,Induced,AQNDsEEEQVK,AQNDS*EEEQVK
YBR127C_S503,Induced,ARDDADEDEEDPDTRsSGK,ARDDADEDEEDPDTRS*SGK
YBR059C_S1072,Induced,ARQsLDLER,ARQS*LDLER
YFL007W_S62_T66,Induced,ARsATPtLQDQK,ARS*ATPT*LQDQK
YJL057C_S96,Induced,AsAGVESESSR,AS*AGVESESSR
YDR028C_S884,Induced,AsDSSQSFR,AS*DSSQSFR
YCL029C_S83,Induced,ASIsQTSR,ASIS*QTSR
YMR124W_S588,Induced,ASLSTFSSTFSDSPsKQR,ASLSTFSSTFSDSPS*KQR
YBR200W_S252,Induced,AsNISLGSVEQQQQQSITKPQNK,AS*NISLGSVEQQQQQSITKPQNK
YJL141C_S42,Induced,ASPDNsHMGR,ASPDNS*HMGR
YJL141C_S38,Induced,AsPDNSHMGR,AS*PDNSHMGR
YDR169C_S348,Induced,ASRLsVSK,ASRLS*VSK
YBR181C_S232,Induced,AsSLKA,AS*SLKA
YPL127C_S174,Induced,ASsPSSLTYK,ASS*PSSLTYK
YKR029C_S206,Induced,AsSTTISDVGDSFSTDQDNTNHR,AS*STTISDVGDSFSTDQDNTNHR
YCR088W_T157,Induced,AStPPVKK,AST*PPVKK
YOL036W_S606,Induced,ASTSLPESSTDDIsPLREEGK,ASTSLPESSTDDIS*PLREEGK
YDL189W_S439,Induced,ASVEGsPSSR,ASVEGS*PSSR
YDR490C_S513,Induced,ASVsSPSISTTSR,ASVS*SPSISTTSR
YDR490C_S514,Induced,ASVSsPSISTTSR,ASVSS*PSISTTSR
YGR281W_T848_S856,Induced,AtEMSQTANsGK,AT*EMSQTANS*GK
YPL032C_T452,Induced,ATGtPNLR,ATGT*PNLR
YLL043W_T184,Induced,AtSNAGHSANTGATNGR,AT*SNAGHSANTGATNGR
YDR293C_S231,Induced,ATSNLsPPSFK,ATSNLS*PPSFK
YDR293C_T227,Induced,AtSNLSPPSFK,AT*SNLSPPSFK
YJR125C_T226,Induced,AtSTPGQGKQEPEDFVDFFSSESSKPSK,AT*STPGQGKQEPEDFVDFFSSESSKPSK
YJL053W_T219,Induced,ATTNDIAGGNYAADNASDNtQTK,ATTNDIAGGNYAADNASDNT*QTK
YDL185W_S858,Induced,AVALGsPDR,AVALGS*PDR
YBL085W_S564,Induced,AVFDsAR,AVFDS*AR
YBR162W-A_T5,Induced,AVQtPR,AVQT*PR
YBL005W-B_S960,Induced,AVsPTDSTPPSTHTEDSKR,AVS*PTDSTPPSTHTEDSKR
YBL005W-B_T962,Induced,AVSPtDSTPPSTHTEDSKR,AVSPT*DSTPPSTHTEDSKR
YOR353C_S789,Induced,AVSVSANsPE,AVSVSANS*PE
YPL150W_S452,Induced,AYSHsIAGSPR,AYSHS*IAGSPR
YPL150W_S456,Induced,AYSHSIAGsPR,AYSHSIAGS*PR
YOR231W_S17,Induced,CNPNsPR,CNPNS*PR
YOR027W_S227,Induced,DAEPQsDSTTSK,DAEPQS*DSTTSK
YOR204W_S539,Induced,DAMMSAPGsR,DAMMSAPGS*R
YOR204W_S535,Induced,DAMMsAPGSR,DAMMS*APGSR
YOR204W_S539_S541,Induced,DAMMSAPGsRsNSR,DAMMSAPGS*RS*NSR
YOR204W_S539_S543,Induced,DAMMSAPGsRSNsR,DAMMSAPGS*RSNS*R
YIR006C_S1253,Induced,DASASsTSTFDAR,DASASS*TSTFDAR
YKL058W_S102,Induced,DASQNGSGDsQSVISVDK,DASQNGSGDS*QSVISVDK
YEL060C_S58,Induced,DDDEEPsDSEDKEHGK,DDDEEPS*DSEDKEHGK
YPL112C_S304,Induced,DDGSQsPIR,DDGSQS*PIR
YGR186W_S515,Induced,DEEAPsENEEDELFGEK,DEEAPS*ENEEDELFGEK
YML010W_S36,Induced,DENTsDKDTVDSGNVTTTESTER,DENTS*DKDTVDSGNVTTTESTER
YPL180W_S258,Induced,DGETSPSsIETK,DGETSPSS*IETK
YKL124W_S358,Induced,DGLLEDPDNVsFR,DGLLEDPDNVS*FR
YLR006C_S351,Induced,DGNSsPQEFK,DGNSS*PQEFK
YGR186W_T200,Induced,DGSQtPTVDSVTK,DGSQT*PTVDSVTK
YGL083W_S791,Induced,DGsSDIPR,DGS*SDIPR
YIL115C_S940,Induced,DGYVsGSEISVR,DGYVS*GSEISVR
YGL139W_Y637,Induced,DHDDNSDyESNDTGVNDELK,DHDDNSDY*ESNDTGVNDELK
YBR007C_S395,Induced,DLESEGSsPIR,DLESEGSS*PIR
YOR208W_S258,Induced,DLIHYsPNSLQK,DLIHYS*PNSLQK
YNR047W_S341,Induced,DLSLKDTLNGSPsR,DLSLKDTLNGSPS*R
YCR077C_S255,Induced,DLsPEEQR,DLS*PEEQR
YML031W_S401,Induced,DNGLLDEsPNRLR,DNGLLDES*PNRLR
YLL043W_S134,Induced,DNGPPsASSNR,DNGPPS*ASSNR
YGL093W_S329,Induced,DNHHIDEsPSEK,DNHHIDES*PSEK
YMR212C_S564,Induced,DNQIsTSDLLSDSQVR,DNQIS*TSDLLSDSQVR
YFR038W_S167,Induced,DNsNSDDEEHSSK,DNS*NSDDEEHSSK
YPR091C_T624,Induced,DNVGNSSDtEDMDEIDVQDKK,DNVGNSSDT*EDMDEIDVQDKK
YDR093W_S1542,Induced,DQLsPVTTTNNLPR,DQLS*PVTTTNNLPR
YDL133W_S138,Induced,DQNYNPsHK,DQNYNPS*HK
YLR319C_S185,Induced,DQRQsDSVENSYGEK,DQRQS*DSVENSYGEK
YPR133C_S118,Induced,DRDSsATPSSR,DRDSS*ATPSSR
YJR005W_S641,Induced,DRQNsESQSSTK,DRQNS*ESQSSTK
YGR008C_S69,Induced,DRRGsNLQSHEQK,DRRGS*NLQSHEQK
YDL065C_S53,Induced,DsDGVQVANESEEDPELK,DS*DGVQVANESEEDPELK
YKR072C_S50,Induced,DSIINSPVsGR,DSIINSPVS*GR
YIL078W_S193,Induced,DSMKDIsESPER,DSMKDIS*ESPER
YIL154C_S58,Induced,DSNVSsLSR,DSNVSS*LSR
YGR191W_S67,Induced,DSPGINQTTNDITSsDRFR,DSPGINQTTNDITSS*DRFR
YKR018C_S380,Induced,DSSNSEDsEDEEMDGPTLLHPGK,DSSNSEDS*EDEEMDGPTLLHPGK
YKL168C_S37,Induced,DSsPINVTR,DSS*PINVTR
YBR108W_S843,Induced,DSsPVPSDLDEK,DSS*PVPSDLDEK
YBL011W_S641,Induced,DSSsPIISQR,DSSS*PIISQR
YDR299W_S372,Induced,DsVDDNENSDDGLDIPK,DS*VDDNENSDDGLDIPK
YNL225C_S72,Induced,DSYEENKsPSMDQMNYAR,DSYEENKS*PSMDQMNYAR
YKR093W_T46,Induced,DSYVSDDVANStER,DSYVSDDVANST*ER
YKR093W_S39,Induced,DSYVsDDVANSTER,DSYVS*DDVANSTER
YIL084C_S179,Induced,DTANEsATDTGAGNDRR,DTANES*ATDTGAGNDRR
YPR112C_S264,Induced,DTDIGLVNDDANsDEKENEK,DTDIGLVNDDANS*DEKENEK
YML072C_S1396,Induced,DTPSSNsR,DTPSSNS*R
YLR278C_S1143,Induced,DVEESNFSTsPLR,DVEESNFSTS*PLR
YLR278C_S1141,Induced,DVEESNFsTSPLR,DVEESNFS*TSPLR
YKL060C_Y310,Induced,DyIMSPVGNPEGPEKPNKK,DY*IMSPVGNPEGPEKPNKK
YJL123C_S339_S340,Induced,EADATPDDDRSSIssNSNK,EADATPDDDRSSIS*S*NSNK
YJL123C_S336_S337,Induced,EADATPDDDRssISSNSNK,EADATPDDDRS*S*ISSNSNK
YJL123C_S336,Induced,EADATPDDDRsSISSNSNK,EADATPDDDRS*SISSNSNK
YJL020C_S78,Induced,EAESsPNTGSTEQR,EAESS*PNTGSTEQR
YMR140W_S470,Induced,EAIRLsLEDQDNR,EAIRLS*LEDQDNR
YNL229C_S283,Induced,EALVMELDTENAAAYsAGTTPMSQSR,EALVMELDTENAAAYS*AGTTPMSQSR
YBR069C_S13_S18,Induced,EAsPAQYsHSLHER,EAS*PAQYS*HSLHER
YCR021C_S308,Induced,EAVPEsPR,EAVPES*PR
YOL082W_S136,Induced,EDAHEDPVsPK,EDAHEDPVS*PK
YOL082W_S141,Induced,EDAHEDPVSPKAGsEEEISPNSTSNVVVSR,EDAHEDPVSPKAGS*EEEISPNSTSNVVVSR
YOR198C_S260,Induced,EEEQRLsK,EEEQRLS*K
YCL010C_S83,Induced,EEKsEENTEDAEEGEGTR,EEKS*EENTEDAEEGEGTR
YLR003C_S59,Induced,EERNsEDDSNRPISK,EERNS*EDDSNRPISK
YDR465C_S181,Induced,EEsVGSDDDATAANQQVYLK,EES*VGSDDDATAANQQVYLK
YDR465C_S184,Induced,EESVGsDDDATAANQQVYLK,EESVGS*DDDATAANQQVYLK
YDL226C_T161,Induced,EGtPLENRR,EGT*PLENRR
YLR319C_T169,Induced,EGtPLSSR,EGT*PLSSR
YNL136W_S225,Induced,EHMsEEEQK,EHMS*EEEQK
YNL106C_S1016,Induced,EISIVSVsPR,EISIVSVS*PR
YDL072C_S197,Induced,EKSEsLQEEIN,EKSES*LQEEIN
YOR109W_S986,Induced,EKsPTPQTSTASLSSVTK,EKS*PTPQTSTASLSSVTK
YLR182W_S160,Induced,ELGsPLKK,ELGS*PLKK
YGR270W_S259,Induced,ELQEDsPIR,ELQEDS*PIR
YDR122W_Y609,Induced,EMEyALSPTPQGNDYQQFR,EMEY*ALSPTPQGNDYQQFR
YMR311C_S184,Induced,ENKQPDFETNDENDEDsPEAR,ENKQPDFETNDENDEDS*PEAR
YDR485C_T467,Induced,ENtFENSSPAAQVVSQR,ENT*FENSSPAAQVVSQR
YOL060C_S527,Induced,EPsPAPHSNDK,EPS*PAPHSNDK
YKR090W_S193,Induced,EQDLsPIER,EQDLS*PIER
YLR219W_T573,Induced,EQGEQtPVTR,EQGEQT*PVTR
YNL161W_S66,Induced,EQGSHQsLQEHLQR,EQGSHQS*LQEHLQR
YNL161W_S63_S66,Induced,EQGsHQsLQEHLQR,EQGS*HQS*LQEHLQR
YOR042W_S220,Induced,EQHHEDsEEEDSWSQFVEK,EQHHEDS*EEEDSWSQFVEK
YER166W_S1545,Induced,EQMIATNQLDNRYsVER,EQMIATNQLDNRYS*VER
YOR195W_S27,Induced,EQNSENCsQERNPR,EQNSENCS*QERNPR
YHR012W_T207,Induced,EQPGSYtPK,EQPGSYT*PK
YLR278C_T1093,Induced,EQPQQHItSPQR,EQPQQHIT*SPQR
YER122C_T340,Induced,EQQDTLtPK,EQQDTLT*PK
YDR165W_S67,Induced,EQQGQSsENENENKK,EQQGQSS*ENENENKK
YGR162W_S553,Induced,ERGsYRNEEK,ERGS*YRNEEK
YGR161C_S30,Induced,ERQTsVTR,ERQTS*VTR
YNR051C_S339_S340,Induced,ESGNNASTPSssPEPVANPPK,ESGNNASTPSS*S*PEPVANPPK
YDL203C_S143,Induced,EsLGSPAVQDASISSGNR,ES*LGSPAVQDASISSGNR
YFL038C_S172,Induced,EsMSQQNLNETTQK,ES*MSQQNLNETTQK
YDR028C_S346,Induced,ESNsSVSLK,ESNS*SVSLK
YLR192C_T75,Induced,ESSADRALLDIDtLDEK,ESSADRALLDIDT*LDEK
YER169W_S590,Induced,ESSRsPIALNYEAR,ESSRS*PIALNYEAR
YAL023C_S28,Induced,EsSSISVSEELSSADERDAEDFSK,ES*SSISVSEELSSADERDAEDFSK
YCL019W_T1012,Induced,ESTEMGGTVESDtTSPR,ESTEMGGTVESDT*TSPR
YFR016C_S180,Induced,ESTGIEVGNsPITR,ESTGIEVGNS*PITR
YKL174C_S569,Induced,ESVENNsEEGFIK,ESVENNS*EEGFIK
YLL048C_S1516_S1519,Induced,ETSNEASsTNsENVNK,ETSNEASS*TNS*ENVNK
YBR068C_S16,Induced,ETsPDSISIR,ETS*PDSISIR
YLR247C_S832,Induced,ETSSGDEsDREINGAK,ETSSGDES*DREINGAK
YJL164C_S37,Induced,ETTATEsGNESK,ETTATES*GNESK
YDR320C_S31,Induced,ETTPQSSNsPSITGSAVADVAR,ETTPQSSNS*PSITGSAVADVAR
YPL127C_S130,Induced,EVsPKPK,EVS*PKPK
YPL249C_S157,Induced,EVVSsPENR,EVVSS*PENR
YOR092W_S338,Induced,EYsNVDQYGR,EYS*NVDQYGR
YBL004W_S1827,Induced,FCHQLFQESEMSNsPQIPK,FCHQLFQESEMSNS*PQIPK
YOL019W_S232,Induced,FDIDADSEANLRGDsR,FDIDADSEANLRGDS*R
YJR104C_S39,Induced,FEQASESEPTTVSYEIAGNsPNAER,FEQASESEPTTVSYEIAGNS*PNAER
YDL126C_S519,Induced,FGLsPSK,FGLS*PSK
YGR162W_S502,Induced,FGNNsSR,FGNNS*SR
YPL085W_S674,Induced,FGSGNSFSSLDKPIPQsR,FGSGNSFSSLDKPIPQS*R
YDR310C_S379,Induced,FHQIPSsPSNPVSQPAPVR,FHQIPSS*PSNPVSQPAPVR
YGL049C_S853,Induced,FNNHNQsNSNR,FNNHNQS*NSNR
YJL098W_S1053,Induced,FNsEHYRD,FNS*EHYRD
YDR186C_S569,Induced,FPNSQQPDSAGASsPKR,FPNSQQPDSAGASS*PKR
YJL070C_T195,Induced,FQDPSDSDLNDDGDSTGTGAAtPHR,FQDPSDSDLNDDGDSTGTGAAT*PHR
YNL309W_T99_S102,Induced,FVEKPNtPPsSR,FVEKPNT*PPS*SR
YLR332W_S372,Induced,FYDEQGNELsPR,FYDEQGNELS*PR
YBL007C_S340,Induced,GAsRDPGLR,GAS*RDPGLR
YOL148C_S440,Induced,GASSSTSNSAsNTR,GASSSTSNSAS*NTR
YFR044C_S451,Induced,GDDGAHsINEK,GDDGAHS*INEK
YJL165C_S7,Induced,GDEKLsR,GDEKLS*R
YAL017W_S286,Induced,GDYGNNIsPERPSFR,GDYGNNIS*PERPSFR
YNL271C_T324,Induced,GGAENNtSASTLPGDR,GGAENNT*SASTLPGDR
YDL173W_S246,Induced,GGAGNIIsPK,GGAGNIIS*PK
YLR096W_T26,Induced,GGSLSPtPEAFNDTR,GGSLSPT*PEAFNDTR
YLR398C_S209,Induced,GIKPMDsPAENEDQNGQFK,GIKPMDS*PAENEDQNGQFK
YKR072C_S47,Induced,GKDSIINsPVSGR,GKDSIINS*PVSGR
YJR091C_S954_S960,Induced,GLSVSsVKSGGsK,GLSVSS*VKSGGS*K
YHR016C_S274,Induced,GMsLGSR,GMS*LGSR
YGR097W_S1070,Induced,GNNsAQNLTTSSSTASR,GNNS*AQNLTTSSSTASR
YBR114W_S49,Induced,GNSENVNDsQDEEYRDDATLVK,GNSENVNDS*QDEEYRDDATLVK
YGL197W_S842,Induced,GNsISSR,GNS*ISSR
YBL101C_S33,Induced,GQPFQPsPTKK,GQPFQPS*PTKK
YHR016C_S301,Induced,GRGYGDFDsEDEDYDYGR,GRGYGDFDS*EDEDYDYGR
YPL110C_S983,Induced,GRsVDDSDVSTLRR,GRS*VDDSDVSTLRR
YDR128W_S922,Induced,GSDAFsTR,GSDAFS*TR
YGR270W_S11,Induced,GsDVEDASNAK,GS*DVEDASNAK
YNL098C_S202,Induced,GSGANsVPR,GSGANS*VPR
YNL098C_S198,Induced,GsGANSVPR,GS*GANSVPR
YNL098C_S207,Induced,GSGANSVPRNsGGHR,GSGANSVPRNS*GGHR
YAR042W_S688,Induced,GsQESTNTLEEIVK,GS*QESTNTLEEIVK
YOL081W_S871,Induced,GSsPSLCSTTR,GSS*PSLCSTTR
YMR002W_S7,Induced,GsSRPISR,GS*SRPISR
YKL126W_S71,Induced,GTINPSNSSVVPVRVsYDASSSTSTVR,GTINPSNSSVVPVRVS*YDASSSTSTVR
YPL085W_S762_S768,Induced,GVSNAsVGSSAsFGAR,GVSNAS*VGSSAS*FGAR
YPR042C_S902,Induced,GVsVSSVR,GVS*VSSVR
YHR016C_S311,Induced,GYGDFDSEDEDYDYGRsPNR,GYGDFDSEDEDYDYGRS*PNR
YHR016C_S374,Induced,GYsLGHGPTHPSNMSNVDDLSHK,GYS*LGHGPTHPSNMSNVDDLSHK
YOL138C_S1129_S1133,Induced,HAPsRPDsIGR,HAPS*RPDS*IGR
YER059W_S283,Induced,HESPsNESSLDK,HESPS*NESSLDK
YDR507C_S805,Induced,HFsESNKR,HFS*ESNKR
YGL178W_S662,Induced,HFsLPANAYHR,HFS*LPANAYHR
YBL103C_S246,Induced,HGsINTPR,HGS*INTPR
YDL117W_S159,Induced,HHNNsAPNLPLASHSKPQVR,HHNNS*APNLPLASHSKPQVR
YML034W_S206,Induced,HLNLLSSDsEIEQDYQK,HLNLLSSDS*EIEQDYQK
YLR149C_S89,Induced,HNsIQPSNSGK,HNS*IQPSNSGK
YER040W_S469,Induced,HNsNTVTPNFR,HNS*NTVTPNFR
YGR270W_T212,Induced,HPEtPPPVR,HPET*PPPVR
YOR123C_S105,Induced,HREsLGLDDDEAEEQAMYTR,HRES*LGLDDDEAEEQAMYTR
YER167W_S334,Induced,HSPDsPR,HSPDS*PR
YCL019W_S1019,Induced,HSsTFTAR,HSS*TFTAR
YOR267C_S149_T150,Induced,HstHSPPPSK,HS*T*HSPPPSK
YOL054W_T310,Induced,HVIItDDEEEEQR,HVIIT*DDEEEEQR
YFR015C_S651_S655,Induced,IARPLsVPGsPK,IARPLS*VPGS*PK
YIL117C_S270,Induced,IASSPsRK,IASSPS*RK
YNR047W_S879,Induced,IAYTPNsNR,IAYTPNS*NR
YNR047W_S882,Induced,IAYTPNSNRsR,IAYTPNSNRS*R
YDR119W_S106,Induced,IDDSPQDEVNsIK,IDDSPQDEVNS*IK
YCR057C_S664,Induced,IDNSLPGsQR,IDNSLPGS*QR
YOR189W_S28,Induced,IEDTSPPsANSR,IEDTSPPS*ANSR
YOR329C_S564,Induced,IEPSNIsPQHTYSNNVR,IEPSNIS*PQHTYSNNVR
YGR152C_S192,Induced,IESPsTR,IESPS*TR
YPL085W_S1511,Induced,IGDsLQGSPQR,IGDS*LQGSPQR
YPL085W_S1511_S1515,Induced,IGDsLQGsPQR,IGDS*LQGS*PQR
YPL085W_S1515,Induced,IGDSLQGsPQR,IGDSLQGS*PQR
YJL159W_S340,Induced,IGsIVANR,IGS*IVANR
YER033C_S275,Induced,IHsHDDIINLGK,IHS*HDDIINLGK
YOR092W_T389_S395,Induced,IItSDATVsKK,IIT*SDATVS*KK
YNR013C_S311_S312,Induced,INNDENssGNEEDEDGNRQEVLDFQDAER,INNDENS*S*GNEEDEDGNRQEVLDFQDAER
YDR436W_S188,Induced,INTSSsADR,INTSSS*ADR
YOR352W_S108_T111,Induced,INVSSPFsSAtK,INVSSPFS*SAT*K
YKL105C_S524,Induced,IPQDDDsEKQEER,IPQDDDS*EKQEER
YLR113W_Y176,Induced,IQDPQMTGyVSTR,IQDPQMTGY*VSTR
YOR227W_T128,Induced,IRtAQDQPVKETK,IRT*AQDQPVKETK
YFR024C-A_S380,Induced,IsSASTPQTSQGR,IS*SASTPQTSQGR
YFR024C-A_S383,Induced,ISSAsTPQTSQGR,ISSAS*TPQTSQGR
YFR024C-A_T384,Induced,ISSAStPQTSQGR,ISSAST*PQTSQGR
YLR430W_S1951,Induced,KAEsPSTSSGTK,KAES*PSTSSGTK
YGL124C_S130,Induced,KDFGPYLDSENDIRsR,KDFGPYLDSENDIRS*R
YPL057C_S349,Induced,KDsNTNIVLLK,KDS*NTNIVLLK
YER132C_S1715,Induced,KEsEGHCEDR,KES*EGHCEDR
YPL030W_S107,Induced,KFEIDNGNEsGEEDVKK,KFEIDNGNES*GEEDVKK
YPR091C_S714_S716_S717,Induced,KFsVssNDSQNSLKNGDPHVK,KFS*VS*S*NDSQNSLKNGDPHVK
YOR123C_Y124,Induced,KFyGEDANNFSDQDETTHTFK,KFY*GEDANNFSDQDETTHTFK
YGL173C_T1506_S1510,Induced,KGEIKPSSGTNStECQsPK,KGEIKPSSGTNST*ECQS*PK
YGL173C_S1510,Induced,KGEIKPSSGTNSTECQsPK,KGEIKPSSGTNSTECQS*PK
YDR505C_S520,Induced,KGsFTTELSCR,KGS*FTTELSCR
YDR505C_T523,Induced,KGSFTtELSCR,KGSFTT*ELSCR
YOR140W_S733,Induced,KGsGVYSLLNQEDSSTSSADPK,KGS*GVYSLLNQEDSSTSSADPK
YKL038W_S202,Induced,KGsIDSLQSDISVR,KGS*IDSLQSDISVR
YGL253W_S15,Induced,KGsMADVPK,KGS*MADVPK
YJL020C_S578,Induced,KHSMVEQAFQIGNNEsENVNSGEK,KHSMVEQAFQIGNNES*ENVNSGEK
YJL020C_S565,Induced,KHsMVEQAFQIGNNESENVNSGEK,KHS*MVEQAFQIGNNESENVNSGEK
YKL179C_S364,Induced,KIEFGVNEDDsDNDIR,KIEFGVNEDDS*DNDIR
YMR104C_T63_S70,Induced,KINtNETLPSsLSSPK,KINT*NETLPSS*LSSPK
YLR335W_S203_S205,Induced,KKDEsDsENDIEIK,KKDES*DS*ENDIEIK
YLR335W_S203,Induced,KKDEsDSENDIEIK,KKDES*DSENDIEIK
YML016C_S690,Induced,KLANQQQQMMETSITNDNEsQQ,KLANQQQQMMETSITNDNES*QQ
YLL021W_S979,Induced,KLASSGEVDKIEsPR,KLASSGEVDKIES*PR
YHR079C_S841,Induced,KLDSGQSsFR,KLDSGQSS*FR
YHR079C_S840,Induced,KLDSGQsSFR,KLDSGQS*SFR
YIL117C_S279,Induced,KLLNSPEsDGSVNR,KLLNSPES*DGSVNR
YDL153C_S336_S339,Induced,KLNELQNsEDsDAEDGGKQK,KLNELQNS*EDS*DAEDGGKQK
YAR042W_S683,Induced,KLNNQPQVETEANEESDDANsMIK,KLNNQPQVETEANEESDDANS*MIK
YBR200W_S458_S461,Induced,KLsDLsLSGSK,KLS*DLS*LSGSK
YOL051W_S783,Induced,KLsISNAASQQPTPR,KLS*ISNAASQQPTPR
YFL033C_S1337,Induced,KLsMSNTTNR,KLS*MSNTTNR
YIR003W_S476,Induced,KLsSPDTESK,KLS*SPDTESK
YNL098C_S214,Induced,KMsNAANGK,KMS*NAANGK
YDL225W_S548,Induced,KNDTYTDLASIAsGRD,KNDTYTDLASIAS*GRD
YNL192W_S34_S35,Induced,KNEPSYELQNAHSGLFHssNEELTNR,KNEPSYELQNAHSGLFHS*S*NEELTNR
YNL192W_S35,Induced,KNEPSYELQNAHSGLFHSsNEELTNR,KNEPSYELQNAHSGLFHSS*NEELTNR
YGL023C_S124,Induced,KNsAEENVR,KNS*AEENVR
YOR028C_S196,Induced,KNsATTNLPSEER,KNS*ATTNLPSEER
YKR023W_S487,Induced,KNsDTAQQNR,KNS*DTAQQNR
YNL074C_S74,Induced,KNsNNVSSPLDNVIPTSR,KNS*NNVSSPLDNVIPTSR
YNL074C_S78,Induced,KNSNNVsSPLDNVIPTSR,KNSNNVS*SPLDNVIPTSR
YNL136W_S411,Induced,KNsPPATR,KNS*PPATR
YPL032C_S551,Induced,KPsFPQLQQSANVR,KPS*FPQLQQSANVR
YOR123C_S372,Induced,KQNsPTTYGASR,KQNS*PTTYGASR
YOR123C_T374,Induced,KQNSPtTYGASR,KQNSPT*TYGASR
YDR507C_S930,Induced,KQNsQEGDQAHPK,KQNS*QEGDQAHPK
YNL271C_S311,Induced,KQPsLNNIYR,KQPS*LNNIYR
YPR022C_S20,Induced,KRENDNDLsPNSSSSPAER,KRENDNDLS*PNSSSSPAER
YNL243W_S284,Induced,KREPsVTPAR,KREPS*VTPAR
YJR059W_S69,Induced,KRPTSPSISGSGSGGNsPSSSAGAR,KRPTSPSISGSGSGGNS*PSSSAGAR
YJR059W_T56,Induced,KRPtSPSISGSGSGGNSPSSSAGAR,KRPT*SPSISGSGSGGNSPSSSAGAR
YHR082C_S419,Induced,KRSDVsQNQNVASGFFK,KRSDVS*QNQNVASGFFK
YOR051C_S30,Induced,KSDEPsRESTPVR,KSDEPS*RESTPVR
YOR051C_S33_T34,Induced,KSDEPSREstPVR,KSDEPSRES*T*PVR
YDR028C_S1014,Induced,KSDVKPQENGNDSs,KSDVKPQENGNDSS*
YBL007C_S799,Induced,KSEFTGsMQDLLDLQPLEPK,KSEFTGS*MQDLLDLQPLEPK
YPL085W_S360,Induced,KSEsCTAADER,KSES*CTAADER
YBR238C_S606,Induced,KSNMNSTQIsR,KSNMNSTQIS*R
YML016C_S249_S265,Induced,KsSFGSDGNTAYSTPLNsPGLSK,KS*SFGSDGNTAYSTPLNS*PGLSK
YOR054C_S57,Induced,KSTsPTGSQTK,KSTS*PTGSQTK
YKL054C_S260,Induced,KTEsPLENVAELKK,KTES*PLENVAELKK
YER114C_S375,Induced,KTSQsLEDLPSQQNFIPTPR,KTSQS*LEDLPSQQNFIPTPR
YDR302W_S16,Induced,KTVsFSDDTTLTTHQNR,KTVS*FSDDTTLTTHQNR
YDR302W_T14,Induced,KtVSFSDDTTLTTHQNR,KT*VSFSDDTTLTTHQNR
YJL020C_S158,Induced,KVPMDsPK,KVPMDS*PK
YNL166C_S263_T274,Induced,LADQTPHDDNsENCPNRSGGStPLDSQTK,LADQTPHDDNS*ENCPNRSGGST*PLDSQTK
YDR122W_S596,Induced,LAMPEQAHTSPTsR,LAMPEQAHTSPTS*R
YDR122W_S593,Induced,LAMPEQAHTsPTSR,LAMPEQAHTS*PTSR
YFR024C-A_S300,Induced,LAPTNsGGSGGK,LAPTNS*GGSGGK
YNL076W_S558,Induced,LDNTSIANsNGNGNDDTSNQR,LDNTSIANS*NGNGNDDTSNQR
YPL085W_S268,Induced,LETHVsTEEK,LETHVS*TEEK
YER132C_S777,Induced,LGLSEQsGR,LGLSEQS*GR
YER132C_S780,Induced,LGLSEQSGRsTR,LGLSEQSGRS*TR
YEL015W_S257,Induced,LGQMIISQsR,LGQMIISQS*R
YHR114W_S476,Induced,LGSAPNNAGEDSDNNsIR,LGSAPNNAGEDSDNNS*IR
YOR279C_S215,Induced,LGsEEDEEGDGHDGDEGETK,LGS*EEDEEGDGHDGDEGETK
YKR048C_S76,Induced,LGsLVGQDSGYVGGLPK,LGS*LVGQDSGYVGGLPK
YDR017C_S580,Induced,LGsSPSFLTQK,LGS*SPSFLTQK
YGR162W_T183,Induced,LKETSDSTSTSTPtPTPSTNDSK,LKETSDSTSTSTPT*PTPSTNDSK
YLR182W_S178,Induced,LKIDTSVIDAESDsTPNTAR,LKIDTSVIDAESDS*TPNTAR
YBL105C_S75,Induced,LKTAQQSQGENGsEDNER,LKTAQQSQGENGS*EDNER
YDR407C_S358,Induced,LNFESSSTGIsPVDSNSK,LNFESSSTGIS*PVDSNSK
YJR076C_S316,Induced,LNGsSSSSTTTR,LNGS*SSSSTTTR
YDR251W_S661,Induced,LNSLsNQSTFR,LNSLS*NQSTFR
YER079W_S155,Induced,LNTTSNsNLTSDSTTSLSDQFYFQK,LNTTSNS*NLTSDSTTSLSDQFYFQK
YHR146W_S390,Induced,LPLTDEQTAEGRKsPAVSEEKEK,LPLTDEQTAEGRKS*PAVSEEKEK
YOR298C-A_S143,Induced,LRGNNIGsPLGAPK,LRGNNIGS*PLGAPK
YBL031W_S165,Induced,LRNsLVNGNDIVAR,LRNS*LVNGNDIVAR
YDL226C_S157,Induced,LSATSQTAASATPGVAQsR,LSATSQTAASATPGVAQS*R
YER129W_S966,Induced,LSELSNsPQK,LSELSNS*PQK
YGR113W_S27,Induced,LSIGSAPTsR,LSIGSAPTS*R
YKR056W_S93,Induced,LSsPLTDSGNR,LSS*PLTDSGNR
YHR082C_S903,Induced,LSSsPGAK,LSSS*PGAK
YGR161C_S58,Induced,LSTSSSPSSSPMsAQR,LSTSSSPSSSPMS*AQR
YDR227W_T944,Induced,LSTtPTK,LSTT*PTK
YDR169C_T340,Induced,LTATSEPtSR,LTATSEPT*SR
YGR261C_S724,Induced,LTGINDGDsNSISGK,LTGINDGDS*NSISGK
YJR089W_S524,Induced,LTGRDsSTNILIR,LTGRDS*STNILIR
YGR080W_S172,Induced,LVSQDSAsPLSLTFR,LVSQDSAS*PLSLTFR
YDL164C_S75,Induced,MDNVsGEEEYATK,MDNVS*GEEEYATK
YBR112C_S943,Induced,MREEEQTSQEKsPQENTLPR,MREEEQTSQEKS*PQENTLPR
YJR047C_S16,Induced,MSDEEHTFENADAGAsATYPMQCSALR,MSDEEHTFENADAGAS*ATYPMQCSALR
YJR047C_Y19,Induced,MSDEEHTFENADAGASATyPMQCSALR,MSDEEHTFENADAGASATY*PMQCSALR
YJR047C_T7,Induced,MSDEEHtFENADAGASATYPMQCSALR,MSDEEHT*FENADAGASATYPMQCSALR
YEL034W_T10,Induced,MSDEEHTFEtADAGSSATYPMQCSALR,MSDEEHTFET*ADAGSSATYPMQCSALR
YEL034W_T7,Induced,MSDEEHtFETADAGSSATYPMQCSALRK,MSDEEHT*FETADAGSSATYPMQCSALRK
YNL246W_S3,Induced,MsDQENENEHAK,MS*DQENENEHAK
YDR510W_S4,Induced,MSDsEVNQEAKPEVKPEVKPETHINLK,MSDS*EVNQEAKPEVKPEVKPETHINLK
YDL084W_S2,Induced,MsHEGEEDLLEYSDNEQEIQIDASK,MS*HEGEEDLLEYSDNEQEIQIDASK
YLL043W_T168_S175,Induced,NADDAHtIPESHLsR,NADDAHT*IPESHLS*R
YNL098C_S235,Induced,NAsIESK,NAS*IESK
YMR205C_S166,Induced,NAVSTKPTPPPAPEASAESGLsSK,NAVSTKPTPPPAPEASAESGLS*SK
YPR091C_S640,Induced,NDDsADERESDNPILTSNPK,NDDS*ADERESDNPILTSNPK
YPR104C_S393,Induced,NDDSKsPENADIAESEINTR,NDDSKS*PENADIAESEINTR
YLR187W_S27,Induced,NDESPsTPSSPK,NDESPS*TPSSPK
YDL003W_S263,Induced,NDQNNDDDDNsVEQGRR,NDQNNDDDDNS*VEQGRR
YDL225W_T539,Induced,NDtYTDLASIASGRD,NDT*YTDLASIASGRD
YDR432W_S379,Induced,NDYGPPRGsYGGSR,NDYGPPRGS*YGGSR
YGR240C_S895,Induced,NEAsPNTDAK,NEAS*PNTDAK
YOR304W_S831,Induced,NEGsDAEEEEGEYK,NEGS*DAEEEEGEYK
YOR304W_Y840,Induced,NEGSDAEEEEGEyKNAANTEGHK,NEGSDAEEEEGEY*KNAANTEGHK
YNL042W_S378,Induced,NEsPVR,NES*PVR
YPL020C_S127,Induced,NFDGSEVEASGNsDVESR,NFDGSEVEASGNS*DVESR
YIL135C_S84,Induced,NFHNLsQR,NFHNLS*QR
YJR059W_S778,Induced,NFSAPNVSSSSNsLR,NFSAPNVSSSSNS*LR
YAL017W_S656,Induced,NGDENQLDGDSHSEPSLSSsPVR,NGDENQLDGDSHSEPSLSSS*PVR
YNL192W_S270,Induced,NGEMVDPYDYENsLR,NGEMVDPYDYENS*LR
YNL298W_S351,Induced,NGHsPTNGQFPR,NGHS*PTNGQFPR
YBR212W_S526,Induced,NGSHsDLVNLQR,NGSHS*DLVNLQR
YBR212W_S524,Induced,NGsHSDLVNLQR,NGS*HSDLVNLQR
YGR178C_S479,Induced,NHGsFFGAK,NHGS*FFGAK
YDR128W_S951_S954,Induced,NIHGGDNSsIRsDDHHAR,NIHGGDNSS*IRS*DDHHAR
YLR419W_S554,Induced,NIsNGKR,NIS*NGKR
YIL033C_S79,Induced,NIVLFPEPEESFSRPQSAQSQsR,NIVLFPEPEESFSRPQSAQSQS*R
YDR006C_S193,Induced,NIYTNINNPSPsPPPSSK,NIYTNINNPSPS*PPPSSK
YDR422C_S331,Induced,NKGNAGGsNDDFTAPISATAK,NKGNAGGS*NDDFTAPISATAK
YOL137W_S37,Induced,NLLSSSDsRR,NLLSSSDS*RR
YCR066W_T465,Induced,NLPNEDStDADLSR,NLPNEDST*DADLSR
YOL103W-B_S371,Induced,NLSDEKNDsR,NLSDEKNDS*R
YDR348C_S416,Induced,NLsLSRDNYDVGHSNEGVR,NLS*LSRDNYDVGHSNEGVR
YGL227W_S277,Induced,NLWDTSDKNSGLQYYPPDQsPSSSFSSPR,NLWDTSDKNSGLQYYPPDQS*PSSSFSSPR
YGL197W_S698,Induced,NNDEEDDEDPVSPKPVsK,NNDEEDDEDPVSPKPVS*K
YHL009C_S128,Induced,NNGIsPSSR,NNGIS*PSSR
YCL051W_S112,Induced,NNLQTPsPR,NNLQTPS*PR
YGL073W_S471,Induced,NNMsPNNDDNSIDTASTNTTNR,NNMS*PNNDDNSIDTASTNTTNR
YLR098C_S123,Induced,NNsDHGDAPNEK,NNS*DHGDAPNEK
YGL049C_S74,Induced,NNsQGNAQYYNNR,NNS*QGNAQYYNNR
YOR140W_S216,Induced,NNSSINsR,NNSSINS*R
YOR204W_S37,Induced,NNsSNYNNNNGGYNGGR,NNS*SNYNNNNGGYNGGR
YMR314W_S14,Induced,NNYDGDTVTFsPTGR,NNYDGDTVTFS*PTGR
YOR042W_S407,Induced,NPDEDEFLINsDDEM,NPDEDEFLINS*DDEM
YBR038W_S14,Induced,NPFMVEPSNGsPNRR,NPFMVEPSNGS*PNRR
YMR261C_S181,Induced,NPNLsFDSHPPR,NPNLS*FDSHPPR
YJR028W_S371,Induced,NPSDEKNDsR,NPSDEKNDS*R
YFL021W_S270,Induced,NPSPSIVKPGsR,NPSPSIVKPGS*R
YMR230W_S98,Induced,NPsQRPQR,NPS*QRPQR
YDR122W_S521,Induced,NQQQRQsHENIEK,NQQQRQS*HENIEK
YEL043W_S895,Induced,NQsNSSISSAWSK,NQS*NSSISSAWSK
YEL043W_S897,Induced,NQSNsSISSAWSK,NQSNS*SISSAWSK
YMR054W_S223,Induced,NQsVEDLSFLEQGYQHR,NQS*VEDLSFLEQGYQHR
YGR038W_S32,Induced,NQTDLKPFPSAGsASSSIK,NQTDLKPFPSAGS*ASSSIK
YGR038W_S29_S32,Induced,NQTDLKPFPsAGsASSSIK,NQTDLKPFPS*AGS*ASSSIK
YDR490C_S511,Induced,NRAsVSSPSISTTSR,NRAS*VSSPSISTTSR
YOL054W_S135,Induced,NsALAVADDSDDGITR,NS*ALAVADDSDDGITR
YOL081W_S928,Induced,NSDNVNSLNSsPK,NSDNVNSLNSS*PK
YKL075C_S155,Induced,NSEASsTDNSLENSTK,NSEASS*TDNSLENSTK
YBR069C_S84,Induced,NSELEsQEK,NSELES*QEK
YJL095W_S250,Induced,NSKsQEDISNSR,NSKS*QEDISNSR
YJL165C_S217,Induced,NsLGVR,NS*LGVR
YMR291W_S507,Induced,NSLMNGCFSTTPEsR,NSLMNGCFSTTPES*R
YMR291W_S495,Induced,NsLMNGCFSTTPESR,NS*LMNGCFSTTPESR
YIL105C_S145,Induced,NsLTNTSILSR,NS*LTNTSILSR
YBL101C_S18,Induced,NSSHSLsETDLNQSK,NSSHSLS*ETDLNQSK
YKR100C_T259,Induced,NSSItSVNKR,NSSIT*SVNKR
YLR248W_S187,Induced,NSsNEFLTK,NSS*NEFLTK
YDR169C_S235,Induced,NSsNNFGK,NSS*NNFGK
YHL007C_S269,Induced,NSsPPKK,NSS*PPKK
YLR310C_S629,Induced,NsVNSVVTPR,NS*VNSVVTPR
YLR114C_S560,Induced,NTANEDVTEsTEDLKNR,NTANEDVTES*TEDLKNR
YGL075C_T141,Induced,NTEGAGIStPR,NTEGAGIST*PR
YDR043C_S163,Induced,NTLsDEEDLEQR,NTLS*DEEDLEQR
YDR309C_S235,Induced,NTQGNNHsINGR,NTQGNNHS*INGR
YKL173W_S85_T88,Induced,NTQsPQtPLVEPVTER,NTQS*PQT*PLVEPVTER
YKL173W_T88,Induced,NTQSPQtPLVEPVTER,NTQSPQT*PLVEPVTER
YML017W_S401,Induced,NVEREHsMSR,NVEREHS*MSR
YDR326C_S399,Induced,NVNANSNsETENDNDRDDR,NVNANSNS*ETENDNDRDDR
YMR005W_S80,Induced,NVsPTTNLR,NVS*PTTNLR
YBR156C_Y446,Induced,NYyQSPVR,NYY*QSPVR
YLR362W_S465,Induced,QANsDENNEQEEQQEKIEDVGAVSHPK,QANS*DENNEQEEQQEKIEDVGAVSHPK
YNR052C_S39,Induced,QASEQHQQQNMGPQVYsPK,QASEQHQQQNMGPQVYS*PK
YJR124C_T241,Induced,QAtHPEER,QAT*HPEER
YLR006C_T690_S697,Induced,QAtSMTPTHsPVRK,QAT*SMTPTHS*PVRK
YBR069C_S44,Induced,QDEVsGQTAEPR,QDEVS*GQTAEPR
YLR429W_S454,Induced,QEAPKsPSPLK,QEAPKS*PSPLK
YJL005W_S28,Induced,QEEQEQQIEQSsPTEANDR,QEEQEQQIEQSS*PTEANDR
YIL112W_T37,Induced,QEtSEEEDTAGKHEQR,QET*SEEEDTAGKHEQR
YBR102C_S291,Induced,QGNFNNVESHSNsPALLPPLK,QGNFNNVESHSNS*PALLPPLK
YBR023C_S40,Induced,QGsLVRPER,QGS*LVRPER
YMR124W_S468,Induced,QGSsPLKK,QGSS*PLKK
YMR291W_S525,Induced,QGSSTsVKK,QGSSTS*VKK
YOR371C_S91,Induced,QGsVISSSDSSTGFTER,QGS*VISSSDSSTGFTER
YJR083C_S44,Induced,QHEVQPESKsPR,QHEVQPESKS*PR
YJR083C_S42,Induced,QHEVQPEsKSPR,QHEVQPES*KSPR
YIR006C_S1180,Induced,QIEDAQNEsDEEETNGK,QIEDAQNES*DEEETNGK
YBR059C_S518,Induced,QKsTSSYSSGGR,QKS*TSSYSSGGR
YLR314C_S498_S509,Induced,QLELsINSASPNVNHsPVPTKK,QLELS*INSASPNVNHS*PVPTKK
YLR314C_S503_S509,Induced,QLELSINSAsPNVNHsPVPTKK,QLELSINSAS*PNVNHS*PVPTKK
YHR135C_S39,Induced,QLHHQAVDsPAR,QLHHQAVDS*PAR
YGR162W_S881,Induced,QLKNNsR,QLKNNS*R
YGR162W_S883_S885,Induced,QLKNNSRsNsR,QLKNNSRS*NS*R
YOL081W_S433,Induced,QLsHHQSYIQQQSER,QLS*HHQSYIQQQSER
YLR454W_S2620,Induced,QLTTYNsYTEPEELR,QLTTYNS*YTEPEELR
YPR089W_S814,Induced,QNEPQIsR,QNEPQIS*R
YOR123C_T375,Induced,QNSPTtYGASR,QNSPTT*YGASR
YNL116W_S71,Induced,QNsQTASSSAAPDQR,QNS*QTASSSAAPDQR
YPR115W_T21,Induced,QPAtPGSTR,QPAT*PGSTR
YNL298W_S425,Induced,QPQsPLSSQSTQNQAIPR,QPQS*PLSSQSTQNQAIPR
YCL032W_S211,Induced,QPsLSHSK,QPS*LSHSK
YOL045W_S434,Induced,QQESTsPMTEK,QQESTS*PMTEK
YGL173C_S1275,Induced,QQsEEKLR,QQS*EEKLR
YHR027C_S19,Induced,QQTIDEQSQIsPEK,QQTIDEQSQIS*PEK
YLR386W_S767,Induced,QRENsNFCDSNSDISQR,QRENS*NFCDSNSDISQR
YKR095W_S1678,Induced,QSAEsPPK,QSAES*PPK
YBR105C_S27,Induced,QSEQAAsPEPTPAPPVSR,QSEQAAS*PEPTPAPPVSR
YBR059C_S504,Induced,QSSDPTISEQsPR,QSSDPTISEQS*PR
YNL183C_S317,Induced,QSsIYSASR,QSS*IYSASR
YNL183C_S316,Induced,QsSIYSASR,QS*SIYSASR
YKR100C_S216,Induced,QSsNENLIR,QSS*NENLIR
YNL138W_S347,Induced,QSSTVSsTGSK,QSSTVSS*TGSK
YKL168C_T107,Induced,QTGSGASNSPtR,QTGSGASNSPT*R
YHL007C_T512,Induced,QTHAPTtPNR,QTHAPTT*PNR
YHL007C_T516_S517,Induced,QTHAPTTPNRtsPNR,QTHAPTTPNRT*S*PNR
YKR090W_T464,Induced,QTILVDKGDVDEDAPSESTTNGGtPIFYK,QTILVDKGDVDEDAPSESTTNGGT*PIFYK
YCR016W_S21,Induced,QTISsGDESKEK,QTISS*GDESKEK
YBL061C_T138,Induced,QTNSSTSLtK,QTNSSTSLT*K
YBL061C_S136,Induced,QTNSSTsLTK,QTNSSTS*LTK
YNR047W_S815_S818,Induced,QTsQDsHKHLDEQEK,QTS*QDS*HKHLDEQEK
YHR158C_S1161,Induced,QVNEDADsDLL,QVNEDADS*DLL
YLR258W_S469,Induced,QVQLFNSPsDR,QVQLFNSPS*DR
YCR091W_S269,Induced,RAAsEPFNTAK,RAAS*EPFNTAK
YDR464W_S1014,Induced,RAEsVEPVENNVETAK,RAES*VEPVENNVETAK
YBL047C_S1087_S1093,Induced,RANsNEDGEsVSSIQESPK,RANS*NEDGES*VSSIQESPK
YNL121C_S174,Induced,RAsANEGLGK,RAS*ANEGLGK
YOR324C_S34,Induced,RAsSGDAVK,RAS*SGDAVK
YDL189W_S435_S439,Induced,RAsVEGsPSSR,RAS*VEGS*PSSR
YDR507C_S471,Induced,RAsVINVEK,RAS*VINVEK
YHL007C_T203,Induced,RAtPVSTPVISKPSMTTTPR,RAT*PVSTPVISKPSMTTTPR
YHL007C_T203_S211,Induced,RAtPVSTPVIsKPSMTTTPR,RAT*PVSTPVIS*KPSMTTTPR
YKL168C_S212,Induced,RATsYPNPLPSK,RATS*YPNPLPSK
YNL243W_T286,Induced,REPSVtPAR,REPSVT*PAR
YMR165C_S823,Induced,REQsVNETGR,REQS*VNETGR
YNL294C_S377,Induced,REsQDASTDR,RES*QDASTDR
YJL084C_S838,Induced,REsVQDNLPSTIR,RES*VQDNLPSTIR
YKL088W_S116,Induced,RFsPSLPSAVSFTVPEVER,RFS*PSLPSAVSFTVPEVER
YBR235W_S870,Induced,RFsTIEPQTIAK,RFS*TIEPQTIAK
YDR348C_T323,Induced,RGGDtQDAIK,RGGDT*QDAIK
YKR031C_S106,Induced,RGsDEENMHR,RGS*DEENMHR
YBR001C_S112,Induced,RGsEDDSFLSSQGNR,RGS*EDDSFLSSQGNR
YBR001C_S116,Induced,RGSEDDsFLSSQGNR,RGSEDDS*FLSSQGNR
YDR001C_S83,Induced,RGsEDDTYSSSQGNR,RGS*EDDTYSSSQGNR
YDR001C_Y88,Induced,RGSEDDTySSSQGNR,RGSEDDTY*SSSQGNR
YML117W_S1090,Induced,RGsFAR,RGS*FAR
YER088C_S313,Induced,RGsLANWSR,RGS*LANWSR
YGR008C_S73,Induced,RGSNLQsHEQK,RGSNLQS*HEQK
YLR327C_S69,Induced,RGsNSQNNER,RGS*NSQNNER
YOR254C_S512,Induced,RGsWCCLVSSQK,RGS*WCCLVSSQK
YDR485C_S386,Induced,RIEETSTNDTVEGESsPDAAVSR,RIEETSTNDTVEGESS*PDAAVSR
YFL042C_S140,Induced,RIsNATIAEIGSPLQQVEKPDEVK,RIS*NATIAEIGSPLQQVEKPDEVK
YBL101C_S527,Induced,RIsNTLFSK,RIS*NTLFSK
YDR359C_S739,Induced,RIsPLGVNTESIQR,RIS*PLGVNTESIQR
YHR097C_S288,Induced,RKNsIAR,RKNS*IAR
YLR410W_S1121,Induced,RKsVSVEK,RKS*VSVEK
YKL140W_S521,Induced,RLsAYLESSK,RLS*AYLESSK
YER130C_S88,Induced,RLsISDYR,RLS*ISDYR
YGL180W_S515,Induced,RLsISSLNPSNALSR,RLS*ISSLNPSNALSR
YLR319C_S347,Induced,RLsSVVTTSPDK,RLS*SVVTTSPDK
YGR161C_S47,Induced,RLsTSSSPSSSPMSAQR,RLS*TSSSPSSSPMSAQR
YPR160W_T31,Induced,RLtGFLPQEIK,RLT*GFLPQEIK
YPL137C_T99,Induced,RNDGNTSASDTDNIPLLtPINSGNR,RNDGNTSASDTDNIPLLT*PINSGNR
YER140W_S22,Induced,RNsAPSAIHIISR,RNS*APSAIHIISR
YMR053C_S594,Induced,RNsFPYCK,RNS*FPYCK
YPL247C_S65,Induced,RNsGCDLSATYYASR,RNS*GCDLSATYYASR
YDL233W_S417,Induced,RNsGISPR,RNS*GISPR
YOR092W_S312,Induced,RNsITGSLR,RNS*ITGSLR
YLR352W_S627,Induced,RNsLLSRPTLR,RNS*LLSRPTLR
YBR086C_S720,Induced,RNsLVK,RNS*LVK
YCR091W_T648,Induced,RNSVSEQEtK,RNSVSEQET*K
YCR091W_S642,Induced,RNsVSEQETK,RNS*VSEQETK
YGL131C_S468,Induced,RNsYISANSEEER,RNS*YISANSEEER
YBL037W_T727,Induced,RNtIDDVNSK,RNT*IDDVNSK
YDL117W_S351,Induced,RNTNIYSSSVSsPK,RNTNIYSSSVSS*PK
YCL019W_S1031,Induced,RPGsPNDMIDLTSQDR,RPGS*PNDMIDLTSQDR
YNL197C_S225,Induced,RPsLLSQR,RPS*LLSQR
YLR270W_S60,Induced,RPsQDGR,RPS*QDGR
YPR091C_S676,Induced,RPSQPLNTLsPK,RPSQPLNTLS*PK
YIL135C_S159,Induced,RPsTIGLDR,RPS*TIGLDR
YJR059W_S57,Induced,RPTsPSISGSGSGGNSPSSSAGAR,RPTS*PSISGSGSGGNSPSSSAGAR
YML027W_S358,Induced,RPVSNPSGsPK,RPVSNPSGS*PK
YKL038W_S410,Induced,RQsAPVSVTLSTDR,RQS*APVSVTLSTDR
YIL150C_S453,Induced,RREsSGLEDK,RRES*SGLEDK
YIL144W_T43,Induced,RRNSTNQGLtDMINK,RRNSTNQGLT*DMINK
YKL101W_S1287,Induced,RRPSEEsVNPK,RRPSEES*VNPK
YLR371W_S76,Induced,RRsGVEAAIDDSDIPNNEMK,RRS*GVEAAIDDSDIPNNEMK
YLR371W_S85,Induced,RRSGVEAAIDDsDIPNNEMK,RRSGVEAAIDDS*DIPNNEMK
YDR074W_S890,Induced,RSAsYTGAK,RSAS*YTGAK
YIL112W_T700,Induced,RSAtPRIEDEEDDTR,RSAT*PRIEDEEDDTR
YDR028C_S570,Induced,RsDSGVHSPITDNSSVASSTTSR,RS*DSGVHSPITDNSSVASSTTSR
YPL155C_S88,Induced,RSDsINNNSR,RSDS*INNNSR
YOR083W_S156,Induced,RSEVFLSPsPR,RSEVFLSPS*PR
YGL133W_S288,Induced,RSNSANVSsPESEK,RSNSANVSS*PESEK
YBR225W_S109,Induced,RSsDSAASSSVSK,RSS*DSAASSSVSK
YLR045C_S815,Induced,RSSEsIGDLPHR,RSSES*IGDLPHR
YER088C_S322,Induced,RSsFNVSSNNTSR,RSS*FNVSSNNTSR
YNL027W_S410,Induced,RSsQTSNNSFTSR,RSS*QTSNNSFTSR
YNL027W_T412,Induced,RSSQtSNNSFTSR,RSSQT*SNNSFTSR
YDL022W_S27,Induced,RSSSSVsLK,RSSSSVS*LK
YDL022W_S23,Induced,RSsSSVSLK,RSS*SSVSLK
YDL022W_S24,Induced,RSSsSVSLK,RSSS*SVSLK
YOL036W_S469,Induced,RSsTIDNK,RSS*TIDNK
YDR436W_S75,Induced,RSsTLGNGNR,RSS*TLGNGNR
YMR275C_T111,Induced,RSTANAtPVETGR,RSTANAT*PVETGR
YJL005W_T1647,Induced,RStFEDTTLR,RST*FEDTTLR
YJL020C_S893_T894,Induced,RstTHDVGEISNNVK,RS*T*THDVGEISNNVK
YJL020C_T894_T895,Induced,RSttHDVGEISNNVK,RST*T*HDVGEISNNVK
YBL085W_S525,Induced,RTEsGSSFVDLFNR,RTES*GSSFVDLFNR
YOR256C_S80,Induced,RTHLQRVsIGFQEK,RTHLQRVS*IGFQEK
YAL038W_S22,Induced,RTsIIGTIGPK,RTS*IIGTIGPK
YOR070C_Y90_S91,Induced,RTSNSysPLR,RTSNSY*S*PLR
YIR023W_S193,Induced,RTSsGANNNMPTSSNSK,RTSS*GANNNMPTSSNSK
YAL041W_S729,Induced,RVsDVLPK,RVS*DVLPK
YIL074C_T45,Induced,RVSItK,RVSIT*K
YIL135C_T288,Induced,RYSNTTINNANGGtSAGSTTGAALSR,RYSNTTINNANGGT*SAGSTTGAALSR
YGR237C_S712,Induced,SAGLsPR,SAGLS*PR
YPL218W_S157,Induced,SALGLLNTTGsQR,SALGLLNTTGS*QR
YNL272C_S640,Induced,SANNNEENsDCGDKK,SANNNEENS*DCGDKK
YGL013C_S942,Induced,SAPsPVRNNSLPEFAQLPSFR,SAPS*PVRNNSLPEFAQLPSFR
YMR275C_S70,Induced,SAsATGILGLR,SAS*ATGILGLR
YJR059W_S82,Induced,SAsLHR,SAS*LHR
YAL051W_S144,Induced,SAsPINTNNASGDSPDTK,SAS*PINTNNASGDSPDTK
YDL156W_S64,Induced,SAsPTLPTR,SAS*PTLPTR
YBR130C_S361,Induced,SAsPVLPGVK,SAS*PVLPGVK
YLR096W_S643,Induced,SAsPVVGEHQEK,SAS*PVVGEHQEK
YAL031C_S609,Induced,SASTPNPSASSSLAPsPK,SASTPNPSASSSLAPS*PK
YPL049C_S339,Induced,SAsTSTSTSTSTNR,SAS*TSTSTSTSTNR
YJL128C_S68,Induced,SAsVGSNQSEQDK,SAS*VGSNQSEQDK
YGR083C_T12,Induced,SAtPPSK,SAT*PPSK
YIL112W_S698,Induced,sATPRIEDEEDDTR,S*ATPRIEDEEDDTR
YML100W_S77,Induced,SATRsPSAFNR,SATRS*PSAFNR
YML010W_S1025,Induced,SAYGGASTWGGNNNNKsTR,SAYGGASTWGGNNNNKS*TR
YOR051C_S33,Induced,SDEPSREsTPVR,SDEPSRES*TPVR
YOR239W_S326,Induced,SDFEKsDTEGSR,SDFEKS*DTEGSR
YMR043W_S2_T8,Induced,sDIEEGtPTNNGQQK,S*DIEEGT*PTNNGQQK
YDR251W_S467,Induced,SDQGNNSSGNDsRR,SDQGNNSSGNDS*RR
YFL033C_S1518,Induced,SDsFSTR,SDS*FSTR
YIL129C_S2316,Induced,SDsIETTR,SDS*IETTR
YER040W_S251,Induced,SDsIGLSSSNTTNSVR,SDS*IGLSSSNTTNSVR
YOL078W_S345,Induced,SDsLNANK,SDS*LNANK
YHR056C_S152,Induced,SDsPDVPSMDQIR,SDS*PDVPSMDQIR
YDR436W_S40,Induced,SDTTHsLK,SDTTHS*LK
YGL181W_S187,Induced,SDYGGSRDsFQSSGSR,SDYGGSRDS*FQSSGSR
YGL181W_S184_S187,Induced,SDYGGsRDsFQSSGSR,SDYGGS*RDS*FQSSGSR
YDL099W_S87,Induced,SENNDQNDVDEEsEEKEIEQVK,SENNDQNDVDEES*EEKEIEQVK
YGL045W_S484,Induced,SEQQQSDASIPSQSSITAPQNsPSNLR,SEQQQSDASIPSQSSITAPQNS*PSNLR
YDL161W_S317,Induced,SEQSSSsPKR,SEQSSSS*PKR
YEL046C_S369,Induced,SEsTEVDVDGNAIR,SES*TEVDVDGNAIR
YBR068C_S24_S26,Induced,sFsAGNNFQSSSSEKTYSK,S*FS*AGNNFQSSSSEKTYSK
YLR138W_S481,Induced,SFsLHR,SFS*LHR
YKL064W_T177,Induced,SFVDENSPtDR,SFVDENSPT*DR
YNL175C_S111,Induced,SGASEKDAQGEESTINTPTGDEsGEVVK,SGASEKDAQGEESTINTPTGDES*GEVVK
YPR163C_S71,Induced,SGGFGGsFGGR,SGGFGGS*FGGR
YNL166C_S270,Induced,sGGSTPLDSQTK,S*GGSTPLDSQTK
YLR373C_S690,Induced,SGNNSDNNDNEHDNDNDNHsNSNTPASR,SGNNSDNNDNEHDNDNDNHS*NSNTPASR
YMR016C_S253,Induced,SGPPSDSSSGSMSPNsNR,SGPPSDSSSGSMSPNS*NR
YOR291W_S191,Induced,sGSRAPQR,S*GSRAPQR
YPL074W_S422,Induced,sGTPDKESSASSSLDSR,S*GTPDKESSASSSLDSR
YBR225W_S149,Induced,SGTPTsEVK,SGTPTS*EVK
YHR149C_S251,Induced,SHGsPIHNNQLSR,SHGS*PIHNNQLSR
YHR149C_S248,Induced,sHGSPIHNNQLSR,S*HGSPIHNNQLSR
YKL168C_S238_S241,Induced,SHPDEEsLEsLPR,SHPDEES*LES*LPR
YIL095W_S642,Induced,SHsPVKK,SHS*PVKK
YPR185W_S649,Induced,sIDSISSSFIK,S*IDSISSSFIK
YPR095C_S369,Induced,sIEDEGYHNK,S*IEDEGYHNK
YNR047W_S37,Induced,SIsFSK,SIS*FSK
YNL027W_S429,Induced,SIsPDEK,SIS*PDEK
YKL062W_S360,Induced,sISSSLNR,S*ISSSLNR
YMR031C_S151,Induced,SKEsPGAAASK,SKES*PGAAASK
YBL007C_S454,Induced,SKSNANAsWKDDELQNDVVGSAAGK,SKSNANAS*WKDDELQNDVVGSAAGK
YFR016C_S673,Induced,SKTPEsPK,SKTPES*PK
YDR348C_S439,Induced,SKTVNsPNR,SKTVNS*PNR
YJR059W_S784,Induced,SLGsPSVSSSK,SLGS*PSVSSSK
YNL020C_S478,Induced,sLGSYSTR,S*LGSYSTR
YBR211C_S99,Induced,SLIsESPQNVR,SLIS*ESPQNVR
YDR309C_S323,Induced,SLLETPNsNKDSAK,SLLETPNS*NKDSAK
YLR247C_S810,Induced,SLNLsEDEDEHMDER,SLNLS*EDEDEHMDER
YER040W_S395,Induced,sLQQNSLSR,S*LQQNSLSR
YLR187W_S44,Induced,SLSAsASR,SLSAS*ASR
YJL165C_S19,Induced,SLsESIK,SLS*ESIK
YBL051C_S638,Induced,SLsHSGLDDGLEQGLNR,SLS*HSGLDDGLEQGLNR
YMR036C_S126,Induced,sLTNNRDNDLLSR,S*LTNNRDNDLLSR
YMR315W_S314,Induced,sLYLGTPR,S*LYLGTPR
YHR103W_S201,Induced,SMsFDDTAAEK,SMS*FDDTAAEK
YDR389W_S37,Induced,SMsSENITVPR,SMS*SENITVPR
YDR389W_S38,Induced,SMSsENITVPR,SMSS*ENITVPR
YDR389W_S632,Induced,SNALPLTEDDGDERNsR,SNALPLTEDDGDERNS*R
YER047C_S423,Induced,sNASSPTSSLTVPNSVIQKPK,S*NASSPTSSLTVPNSVIQKPK
YER074W-A_T41,Induced,SNDEtPVFGQDQNTTK,SNDET*PVFGQDQNTTK
YCL051W_S474,Induced,SNDsNEYSK,SNDS*NEYSK
YNL047C_T588,Induced,SNENTTESVtPQVTNEQHTR,SNENTTESVT*PQVTNEQHTR
YAL041W_S101,Induced,SNGANRDSsDLAPTLR,SNGANRDSS*DLAPTLR
YNL161W_S177,Induced,SNGsYSSGLR,SNGS*YSSGLR
YIR003W_S183,Induced,SNNEVTEHsDSEDLTEK,SNNEVTEHS*DSEDLTEK
YOR018W_S815,Induced,SNNSNsPLR,SNNSNS*PLR
YKR091W_S212,Induced,SNRVDNVNVsPLR,SNRVDNVNVS*PLR
YMR086W_S217,Induced,SNsAHSALNAR,SNS*AHSALNAR
YJL165C_S473,Induced,SNsNKQEDSDDTEGK,SNS*NKQEDSDDTEGK
YMR086W_S658,Induced,SNSPsPPEK,SNSPS*PPEK
YMR086W_S656,Induced,SNsPSPPEK,SNS*PSPPEK
YBR007C_T343,Induced,SNSSTSTItK,SNSSTSTIT*K
YDR480W_S225,Induced,sPHLEDLTSR,S*PHLEDLTSR
YOR227W_S1204_S1207,Induced,SPsNDsLQESQQK,SPS*NDS*LQESQQK
YOR227W_S1204,Induced,SPsNDSLQESQQK,SPS*NDSLQESQQK
YML072C_S1346_T1350,Induced,SPSNLNsTSVtPR,SPSNLNS*TSVT*PR
YIL135C_S303,Induced,SPsNQQYLLK,SPS*NQQYLLK
YLL040C_S1364,Induced,SPsPDPASLSSESER,SPS*PDPASLSSESER
YGR237C_S119,Induced,SPsVER,SPS*VER
YKL089W_S86,Induced,SQDDEVVQsPSGK,SQDDEVVQS*PSGK
YPR041W_T191,Induced,SQNAPSDGTGSStPQHHDEDEDELSR,SQNAPSDGTGSST*PQHHDEDEDELSR
YGL023C_S381,Induced,SQSAsVQNANNLR,SQSAS*VQNANNLR
YHR102W_S903,Induced,SQsISNR,SQS*ISNR
YAR042W_S490,Induced,SQsLSEITPGPHSR,SQS*LSEITPGPHSR
YPL228W_S449,Induced,SQsPISER,SQS*PISER
YBL085W_Y637,Induced,SQSySHSR,SQSY*SHSR
YBL085W_S640,Induced,SQSYSHsR,SQSYSHS*R
YMR016C_S771,Induced,SQVDGAGDVsNEEIAADDTK,SQVDGAGDVS*NEEIAADDTK
YNL115C_S244,Induced,SQYGSGsPTPTHR,SQYGSGS*PTPTHR
YOR204W_S576,Induced,SRDNsFR,SRDNS*FR
YMR155W_Y234,Induced,SRETDDNIVPLYENSNDyIGSPVR,SRETDDNIVPLYENSNDY*IGSPVR
YDL173W_S134,Induced,SRIsATR,SRIS*ATR
YFR024C-A_S377_T384,Induced,sRISSAStPQTSQGR,S*RISSAST*PQTSQGR
YFR024C-A_S380_S383,Induced,SRIsSAsTPQTSQGR,SRIS*SAS*TPQTSQGR
YIL147C_T969,Induced,SRQStSSVATPATNR,SRQST*SSVATPATNR
YGL227W_S248,Induced,SRsAINIETESR,SRS*AINIETESR
YOL036W_S312,Induced,sRSNSSALASTLR,S*RSNSSALASTLR
YOR220W_S104,Induced,SRsTDDAVSLQDNNLALLEDHR,SRS*TDDAVSLQDNNLALLEDHR
YOR220W_S102,Induced,sRSTDDAVSLQDNNLALLEDHR,S*RSTDDAVSLQDNNLALLEDHR
YDR351W_S469,Induced,sRSVQSLPLEFK,S*RSVQSLPLEFK
YCR002C_S316,Induced,SSAHMsSNAIQR,SSAHMS*SNAIQR
YKL004W_S389,Induced,SsATSITSLGVK,SS*ATSITSLGVK
YPL085W_S1778,Induced,SSEEQPENIsK,SSEEQPENIS*K
YJL084C_S891,Induced,SsFDYSGINISK,SS*FDYSGINISK
YER088C_S327,Induced,SSFNVSsNNTSRR,SSFNVSS*NNTSRR
YFR019W_S1712,Induced,sSGNNLSSANVK,S*SGNNLSSANVK
YML117W_S1001,Induced,SSGSSDSSSDVEVIMHsPSDPEYALK,SSGSSDSSSDVEVIMHS*PSDPEYALK
YLR248W_S46,Induced,SSGTNNKDVSQITSsPK,SSGTNNKDVSQITSS*PK
YPL247C_S12,Induced,SsISFGSSQR,SS*ISFGSSQR
YKL126W_S51,Induced,SsLDRK,SS*LDRK
YKR048C_T24_S27,Induced,SSMQIDNAPTPHNtPAsVLNPSYLK,SSMQIDNAPTPHNT*PAS*VLNPSYLK
YKR048C_T20_T24,Induced,SSMQIDNAPtPHNtPASVLNPSYLK,SSMQIDNAPT*PHNT*PASVLNPSYLK
YNR019W_S175,Induced,sSPDAVDSVGK,S*SPDAVDSVGK
YBR217W_T42,Induced,SSPHtVQNR,SSPHT*VQNR
YOR231W_S192,Induced,SSsESYIDLNSVR,SSS*ESYIDLNSVR
YOR227W_S157,Induced,SSsISTSLNER,SSS*ISTSLNER
YMR261C_S192,Induced,SsSKSAVITPVSK,SS*SKSAVITPVSK
YAL031C_S536,Induced,SSsLQSYTNK,SSS*LQSYTNK
YOR052C_S61,Induced,SSSNSsVTSTGQSSR,SSSNSS*VTSTGQSSR
YOR052C_S60,Induced,SSSNsSVTSTGQSSR,SSSNS*SVTSTGQSSR
YER151C_S400,Induced,SSsPLLSK,SSS*PLLSK
YML117W_S1018,Induced,SSsQTVINSK,SSS*QTVINSK
YLR219W_S660,Induced,SSSsLLQDQTPQR,SSSS*LLQDQTPQR
YOR220W_T189,Induced,SSSStSNLSLNR,SSSST*SNLSLNR
YDL022W_S24_S27,Induced,SSsSVsLK,SSS*SVS*LK
YPL137C_S66,Induced,SSsVSNAALCNTEKPDLKR,SSS*VSNAALCNTEKPDLKR
YCR095C_S91_S94,Induced,SSSVSNANLYSNNNsTLsLQEEKKK,SSSVSNANLYSNNNS*TLS*LQEEKKK
YJL084C_S200,Induced,SsSVTSSNGPSR,SS*SVTSSNGPSR
YDR293C_S492,Induced,SSTINNDSDSLSsPTK,SSTINNDSDSLSS*PTK
YDR293C_S491_S492,Induced,SSTINNDSDSLssPTK,SSTINNDSDSLS*S*PTK
YOR018W_S123,Induced,sSTNLAALPK,S*STNLAALPK
YDR219C_S238,Induced,SSTNSVFSSSsPK,SSTNSVFSSSS*PK
YPL265W_T61,Induced,SSTStSPSAR,SSTST*SPSAR
YPL019C_S43,Induced,SSVDsWSER,SSVDS*WSER
YBL103C_S142,Induced,SSYSMAYDsPVDR,SSYSMAYDS*PVDR
YLR219W_S151_S155,Induced,STAGNNNDsRANsITVK,STAGNNNDS*RANS*ITVK
YLR219W_S151,Induced,STAGNNNDsRANSITVK,STAGNNNDS*RANSITVK
YCR073W-A_S64,Induced,STAsAAEGK,STAS*AAEGK
YJL005W_S1646,Induced,sTFEDTTLRR,S*TFEDTTLRR
YBR156C_S280,Induced,STINsPAIR,STINS*PAIR
YAR042W_T443,Induced,STLTQNDHDNDDDStNNNNNK,STLTQNDHDNDDDST*NNNNNK
YER125W_T214,Induced,STNStSSATR,STNST*SSATR
YAL035W_T390,Induced,STPAATPAAtPTPSSASPNKK,STPAATPAAT*PTPSSASPNKK
YHR073W_S206,Induced,STPPARPTALsR,STPPARPTALS*R
YPR129W_S165,Induced,STPQDTNVNSQsRER,STPQDTNVNSQS*RER
YMR219W_S433,Induced,sTSEETENTSESR,S*TSEETENTSESR
YGL197W_S1202,Induced,sTSGFSPR,S*TSGFSPR
YJL081C_S353,Induced,STsPAANSADTPNETGK,STS*PAANSADTPNETGK
YNL076W_T241,Induced,STSPtLENMGSR,STSPT*LENMGSR
YNL076W_S239,Induced,STsPTLENMGSR,STS*PTLENMGSR
YOL130W_S236,Induced,STSQKsDADDDTLER,STSQKS*DADDDTLER
YOL130W_S231_S236,Induced,sTSQKsDADDDTLER,S*TSQKS*DADDDTLER
YOL130W_S231_T242,Induced,sTSQKSDADDDtLER,S*TSQKSDADDDT*LER
YBR059C_S524,Induced,STSSYSsGGR,STSSYSS*GGR
YKR008W_S406,Induced,STTsDIEK,STTS*DIEK
YKR008W_T405,Induced,STtSDIEK,STT*SDIEK
YIL147C_S758,Induced,sVDLESSATSLGSNR,S*VDLESSATSLGSNR
YML027W_S58,Induced,sVESALR,S*VESALR
YMR219W_S523,Induced,sVESDLHEHSPDNLYDLAAR,S*VESDLHEHSPDNLYDLAAR
YMR219W_S532,Induced,SVESDLHEHsPDNLYDLAAR,SVESDLHEHS*PDNLYDLAAR
YIL095W_S434,Induced,SVESFQsPQR,SVESFQS*PQR
YHR149C_T666,Induced,SVSAtNSR,SVSAT*NSR
YDR080W_S53,Induced,SVSCIsQAENGVASR,SVSCIS*QAENGVASR
YNL156C_S49,Induced,SVsIDSTK,SVS*IDSTK
YPR105C_S556,Induced,SVsPPANK,SVS*PPANK
YLR096W_S741,Induced,sVSQKQNSDLPALPQNAELIVQK,S*VSQKQNSDLPALPQNAELIVQK
YDL070W_S271,Induced,sVSTTNDNIGESGNR,S*VSTTNDNIGESGNR
YKR031C_S30,Induced,SVTEEVDRVNsRPDELENQEVLR,SVTEEVDRVNS*RPDELENQEVLR
YPL085W_S370,Induced,SYsEETSEDIFHGHDK,SYS*EETSEDIFHGHDK
YLR086W_S113,Induced,SYSQSPPRsPGR,SYSQSPPRS*PGR
YBR079C_T932,Induced,TAGGSSPATPAtPATPATPTPSSGPKK,TAGGSSPATPAT*PATPATPTPSSGPKK
YMR014W_T257,Induced,TANANQTHSNIDYDtDDGNEK,TANANQTHSNIDYDT*DDGNEK
YJL128C_S248,Induced,TAQQPQQFAPsPSNKK,TAQQPQQFAPS*PSNKK
YML093W_S151,Induced,TAQSNGNDDEDAsPQLK,TAQSNGNDDEDAS*PQLK
YMR291W_T541,Induced,tASMSSNDTTAINDYDTTNDKNPAR,T*ASMSSNDTTAINDYDTTNDKNPAR
YJR072C_S372,Induced,TAsSETAENIAK,TAS*SETAENIAK
YLR055C_T83,Induced,tATPTNEHQHDEQK,T*ATPTNEHQHDEQK
YOL082W_S243,Induced,TEIAsDHSK,TEIAS*DHSK
YEL037C_T139,Induced,TESAStPGFVVGTER,TESAST*PGFVVGTER
YGL049C_T878,Induced,tGSFRNNQR,T*GSFRNNQR
YEL043W_T522,Induced,tGSIDLISNNNK,T*GSIDLISNNNK
YHR097C_S315,Induced,THsGHLEQK,THS*GHLEQK
YOL100W_S1001,Induced,THSQsPSISK,THSQS*PSISK
YKL035W_Y13,Induced,THSTyAFESNTNSVAASQMR,THSTY*AFESNTNSVAASQMR
YKL035W_S17,Induced,THSTYAFEsNTNSVAASQMR,THSTYAFES*NTNSVAASQMR
YOR227W_T58,Induced,tIASPQRPLSGQNVNNELSNSKPAVSAEK,T*IASPQRPLSGQNVNNELSNSKPAVSAEK
YGR125W_S140,Induced,TIEENIDEEYsDEYSR,TIEENIDEEYS*DEYSR
YHR097C_S25,Induced,TIGGPQNGVNTVINPFRVsPSEDR,TIGGPQNGVNTVINPFRVS*PSEDR
YPL249C_S834,Induced,TIsRNNEVMR,TIS*RNNEVMR
YNR051C_S282,Induced,TKEGsVEAINAVNNSSLPNGK,TKEGS*VEAINAVNNSSLPNGK
YOL016C_S443,Induced,TLHDDREsKSED,TLHDDRES*KSED
YKL101W_S671,Induced,TLQNSAsKR,TLQNSAS*KR
YJL084C_S162,Induced,TLSDNETITsR,TLSDNETITS*R
YDR028C_S769,Induced,TLsLGK,TLS*LGK
YOR153W_S58,Induced,TLTAQSMQNsTQSAPNK,TLTAQSMQNS*TQSAPNK
YBR043C_S57,Induced,TNLESTAsNSR,TNLESTAS*NSR
YBR007C_S122,Induced,TNPsPTYIQAR,TNPS*PTYIQAR
YPL085W_T699,Induced,tNSAISQSPVNYAFPNPYK,T*NSAISQSPVNYAFPNPYK
YPL085W_S706,Induced,TNSAISQsPVNYAFPNPYK,TNSAISQS*PVNYAFPNPYK
YNR047W_T296,Induced,TNSLTNtK,TNSLTNT*K
YOL148C_S56,Induced,TNSNsNANEGTR,TNSNS*NANEGTR
YJL187C_S133,Induced,TNsPISLK,TNS*PISLK
YNL267W_S396,Induced,TNsQPLSR,TNS*QPLSR
YFL033C_S1603,Induced,TNSSDLSAEEsDRLQAISR,TNSSDLSAEES*DRLQAISR
YDL035C_T371_S373,Induced,TNtGsDENVSASGGVR,TNT*GS*DENVSASGGVR
YMR165C_S602,Induced,TNTSMVPGsPPNR,TNTSMVPGS*PPNR
YBR102C_S31,Induced,TPPsPAKPK,TPPS*PAKPK
YOL087C_S668,Induced,TQsSGSLLSR,TQS*SGSLLSR
YDR208W_S767,Induced,TQSsYRDDPNQK,TQSS*YRDDPNQK
YLL038C_T206,Induced,TRNtHEYAR,TRNT*HEYAR
YDR325W_T979,Induced,tRSEAEQIDTSK,T*RSEAEQIDTSK
YLR371W_T369_S373,Induced,tRVSsTSLALKR,T*RVSS*TSLALKR
YOR188W_S492,Induced,TSAQsPTTEK,TSAQS*PTTEK
YOR304W_T1079,Induced,TSATREDtPLSQNESTR,TSATREDT*PLSQNESTR
YLR228C_S3,Induced,TsDDGNAGQER,TS*DDGNAGQER
YBL101C_T135,Induced,tSGRLSVDQEPR,T*SGRLSVDQEPR
YOR092W_S303,Induced,TsHVHNNR,TS*HVHNNR
YDR384C_S7,Induced,TSSASsPQDLEK,TSSASS*PQDLEK
YBR172C_S84,Induced,TSsLIDSIGIQR,TSS*LIDSIGIQR
YDR239C_S63,Induced,TSTAETSAPDIPPRsPNR,TSTAETSAPDIPPRS*PNR
YML109W_S454,Induced,TsTDWSTENEK,TS*TDWSTENEK
YOR092W_S374,Induced,TsTLQR,TS*TLQR
YJR086W_S7,Induced,TSVQNsPR,TSVQNS*PR
YLR335W_T529,Induced,tTANLPANSSTSPAPSIPSTGFK,T*TANLPANSSTSPAPSIPSTGFK
YBL105C_S797,Induced,TTDQQsPQK,TTDQQS*PQK
YNL103W_T302,Induced,TTHtPNR,TTHT*PNR
YKL064W_S631,Induced,TTNTSSsSYKR,TTNTSSS*SYKR
YBL047C_S241,Induced,TTPLsANSTGVSSLTR,TTPLS*ANSTGVSSLTR
YBL047C_S244,Induced,TTPLSANsTGVSSLTR,TTPLSANS*TGVSSLTR
YBR059C_S458,Induced,TTSNANSSGTANNPQEINTIQsPGIEDK,TTSNANSSGTANNPQEINTIQS*PGIEDK
YLR436C_S1117,Induced,TTsNSSSIR,TTS*NSSSIR
YOL013C_S453,Induced,TTsPDIR,TTS*PDIR
YIL135C_S59,Induced,TVSNNAANsLSR,TVSNNAANS*LSR
YIL135C_S61,Induced,TVSNNAANSLsR,TVSNNAANSLS*R
YIL135C_S53,Induced,TVsNNAANSLSR,TVS*NNAANSLSR
YLR257W_S254,Induced,TVSPsKGEDSR,TVSPS*KGEDSR
YLR257W_T250,Induced,tVSPSKGEDSR,T*VSPSKGEDSR
YJL141C_T529,Induced,TVYtYIQSR,TVYT*YIQSR
YGR162W_S916_S920,Induced,TYsQRNsQR,TYS*QRNS*QR
YLR258W_S655,Induced,VARPLSVPGsPR,VARPLSVPGS*PR
YLR258W_S651,Induced,VARPLsVPGSPR,VARPLS*VPGSPR
YLR258W_S651_S655,Induced,VARPLsVPGsPR,VARPLS*VPGS*PR
YDL195W_T1050,Induced,VAtPLSGGVPPAPLPK,VAT*PLSGGVPPAPLPK
YMR261C_S148,Induced,VCsPSQEASASSISASR,VCS*PSQEASASSISASR
YKR014C_S142,Induced,VDLCQETPSTETSPDsNEGGDEEQKVR,VDLCQETPSTETSPDS*NEGGDEEQKVR
YJL176C_S263,Induced,VDsGEERNEQER,VDS*GEERNEQER
YJR059W_S711,Induced,VEDNLsEDDSTMK,VEDNLS*EDDSTMK
YGL009C_S495,Induced,VEVTsEDEK,VEVTS*EDEK
YLR187W_S31,Induced,VFKNDESPSTPSsPK,VFKNDESPSTPSS*PK
YLR187W_S30_S31,Induced,VFKNDESPSTPssPK,VFKNDESPSTPS*S*PK
YGR116W_S134,Induced,VGDEGNAAEsESDNVAASR,VGDEGNAAES*ESDNVAASR
YBR160W_Y19,Induced,VGEGTyGVVYK,VGEGTY*GVVYK
YOR307C_S306,Induced,VGILPSsSTDDVTSK,VGILPSS*STDDVTSK
YLR357W_S682,Induced,VGsPGAGGPLTVQGLK,VGS*PGAGGPLTVQGLK
YMR205C_Y172,Induced,VHSyTDLAYR,VHSY*TDLAYR
YNL166C_S332,Induced,VISVSSNSNsR,VISVSSNSNS*R
YIL095W_T522,Induced,VItGESR,VIT*GESR
YPL049C_S272,Induced,VNDSYDsPLSGTASTGK,VNDSYDS*PLSGTASTGK
YEL063C_T64,Induced,VNGEDtFSMEDGIGDEDEGEVQNAEVKR,VNGEDT*FSMEDGIGDEDEGEVQNAEVKR
YLR410W-A_T435,Induced,VNNDHINESTVSSQYLSDDNELSLRPAtER,VNNDHINESTVSSQYLSDDNELSLRPAT*ER
YLR410W-A_S424,Induced,VNNDHINESTVSSQYLsDDNELSLRPATER,VNNDHINESTVSSQYLS*DDNELSLRPATER
YJR092W_S96,Induced,VNSELEEsPAAVHQER,VNSELEES*PAAVHQER
YDR422C_S300,Induced,VNSsNSMYTAER,VNSS*NSMYTAER
YNR034W_S68,Induced,VNSVRsNASSR,VNSVRS*NASSR
YFR017C_S164,Induced,VPHGsPPQLGTR,VPHGS*PPQLGTR
YDL195W_S999,Induced,VPSLVATSEsPR,VPSLVATSES*PR
YCR066W_T435,Induced,VQSDQGtEDQQMEKDQDTVINEDR,VQSDQGT*EDQQMEKDQDTVINEDR
YDL019C_S503,Induced,VRsSNTLK,VRS*SNTLK
YPL085W_T1539,Induced,VRtDQHTNEK,VRT*DQHTNEK
YBR172C_S128,Induced,VsTPVQQHPLLQR,VS*TPVQQHPLLQR
YGL008C_S911,Induced,VsTQHEK,VS*TQHEK
YKL126W_S77,Induced,VSYDASSsTSTVR,VSYDASSS*TSTVR
YNL278W_S538,Induced,VTEGsPYAK,VTEGS*PYAK
YPR095C_S150,Induced,VTLTSSGsDNVKR,VTLTSSGS*DNVKR
YPR133C_T15,Induced,VVEAtPEDGTASSQK,VVEAT*PEDGTASSQK
YJR052W_S85,Induced,VVEDEEIDEIGTGsGTETER,VVEDEEIDEIGTGS*GTETER
YIL106W_S36,Induced,WNTANAANNAGSVsPTK,WNTANAANNAGSVS*PTK
YDL195W_S836,Induced,YAPPSQPSMAsPFVNK,YAPPSQPSMAS*PFVNK
YPL085W_S806,Induced,YAPVsPTVQQK,YAPVS*PTVQQK
YNL298W_Y440,Induced,yAQNSSPTAAHFQPQR,Y*AQNSSPTAAHFQPQR
YLR267W_S383,Induced,YDETTFSGsPER,YDETTFSGS*PER
YNL224C_S105,Induced,YDsSTDLQAGR,YDS*STDLQAGR
YER178W_Y309,Induced,yGGHSMSDPGTTYR,Y*GGHSMSDPGTTYR
YER178W_S313,Induced,YGGHsMSDPGTTYR,YGGHS*MSDPGTTYR
YER178W_S315,Induced,YGGHSMsDPGTTYR,YGGHSMS*DPGTTYR
YHR102W_Y305,Induced,yKIEGSIPENEPSKPSEAPKPSQNGGGDEAQK,Y*KIEGSIPENEPSKPSEAPKPSQNGGGDEAQK
YBL047C_S1179,Induced,YPAPGTsPSHNEGNSK,YPAPGTS*PSHNEGNSK
YBL047C_Y1173,Induced,yPAPGTSPSHNEGNSKK,Y*PAPGTSPSHNEGNSKK
YBR273C_S388,Induced,YPsETNLTTSR,YPS*ETNLTTSR
YNL154C_S455,Induced,YQLQPDDsHYDEER,YQLQPDDS*HYDEER
YOL007C_Y326,Induced,yRPPSVHLDQLLDGKE,Y*RPPSVHLDQLLDGKE
YPR185W_S429,Induced,YSSsFGNIR,YSSS*FGNIR
YLL028W_T52,Induced,YTtATEGNGGADLAIQR,YTT*ATEGNGGADLAIQR
YOR070C_S107,Induced,YVNPTLSTASNEsPRPALLLR,YVNPTLSTASNES*PRPALLLR
