Protein,Total
YPL031C,419
YBR160W,304
YHR135C,304
YJL164C,298
YNL154C,237
YLL039C,212
YJR059W,212
YHR082C,209
YGL180W,202
YFR014C,180
YDR477W,160
YNL307C,158
YBR010W,155
YDL140C,154
YDR510W,150
YJL187C,142
YGL158W,136
YNL031C,131
YPL204W,126
YJL095W,123
YOR244W,118
YER133W,116
YBL016W,115
YPL153C,113
YNL255C,112
YLL036C,112
YNL030W,108
YBR009C,107
YER125W,105
YGL120C,102
YGR040W,101
YKL166C,100
YHL007C,98
YER012W,97
YNL207W,97
YMR001C,97
YPL141C,95
YGL059W,93
YGR092W,93
YHR200W,91
YKL101W,90
YLR096W,90
YDR432W,89
YFR028C,89
YJL092W,87
YNL124W,86
YPL203W,85
YHR079C,85
YPL082C,84
YGL179C,83
YBR059C,82
YMR047C,82
YIL095W,79
YJL106W,79
YGR103W,79
YBL045C,78
YPL209C,77
YDR381W,76
YFL039C,76
YER148W,76
YKL009W,75
YKL145W,73
YIL035C,73
YOR061W,73
YDR224C,72
YKL117W,69
YPL093W,68
YOL016C,65
YER110C,64
YKL014C,64
YOL051W,64
YLR026C,64
YMR216C,63
YLR113W,62
YGR218W,62
YBR109C,62
YDL028C,62
YPL248C,61
YAL005C,61
YOR351C,61
YIL021W,61
YJL057C,61
YGL207W,60
YPR016C,59
YDL147W,59
YDR247W,58
YPR119W,57
YER172C,57
YOL012C,57
YKL171W,57
YOR267C,56
YHR099W,56
YDR356W,56
YLR166C,56
YGR104C,56
YDL042C,55
YOL113W,55
YHR030C,55
YKR081C,55
YDR225W,55
YDR328C,54
YPL042C,54
YFL023W,54
YER165W,53
YGL111W,53
YDR388W,53
YFR004W,53
YJR002W,53
YPL240C,52
YOR063W,52
YMR308C,52
YBR200W,52
YDR507C,51
YLR293C,51
YDL126C,51
YDR333C,50
YOR310C,50
YPL026C,50
YER022W,50
YNL189W,50
YHR197W,50
YGR252W,50
YJL010C,50
YLR347C,50
YDR087C,50
YDL108W,50
YHR165C,50
YBL007C,49
YEL009C,49
YDR099W,49
YDR101C,49
YER036C,49
YOL018C,48
YGL048C,48
YGR052W,47
YOL100W,47
YER177W,47
YNL272C,47
YHL004W,47
YBL002W,47
YPR019W,47
YLR009W,46
YJR066W,46
YDL014W,45
YPR080W,45
YAL032C,45
YPL150W,45
YDL116W,45
YHR027C,45
YNL298W,44
YIL019W,44
YDR227W,44
YOR117W,44
YPL213W,43
YOR151C,43
YDR448W,43
YJL076W,43
YKL139W,43
YAR019C,42
YHR066W,42
YBR088C,42
YGL122C,42
YCL024W,42
YOR290C,42
YPL129W,42
YBL023C,42
YBL003C,42
YBL030C,42
YLR117C,42
YMR290C,42
YDL214C,41
YNL186W,41
YGL003C,41
YIR010W,41
YLR340W,41
YML010W,41
YKR048C,41
YAR007C,41
YKL021C,41
YHR154W,41
YBR118W,41
YMR229C,41
YJL141C,41
YLR268W,40
YHR052W,40
YDL160C,40
YOR233W,40
YOR181W,40
YKL068W,40
YML065W,40
YPR086W,40
YEL037C,39
YGL019W,39
YHR186C,39
YDR466W,39
YJL041W,39
YLR248W,39
YKL074C,39
YIL075C,39
YDL025C,39
YMR139W,39
YPL169C,39
YLL008W,39
YIL126W,38
YIL115C,38
YER006W,38
YGL100W,37
YOR141C,37
YGL112C,37
YMR153W,37
YGL246C,37
YMR049C,37
YLR438CA,37
YDR341C,37
YDR172W,37
YEL034W,37
YLR116W,37
YLR362W,36
YJL115W,36
YPR115W,36
YDR145W,36
YDL220C,36
YDL101C,36
YDL207W,36
YDL166C,36
YBR198C,36
YHR119W,36
YJL039C,36
YDR293C,36
YLR071C,36
YGR274C,36
YGR128C,35
YDR176W,35
YNL161W,35
YKL196C,35
YBR082C,35
YPR103W,35
YER068W,35
YPL131W,35
YOR326W,35
YJR076C,35
YOR341W,35
YDL132W,35
YPR143W,35
YBR154C,35
YGR005C,35
YIL106W,34
YHR089C,34
YJL140W,34
YMR165C,34
YDR192C,34
YPR106W,34
YNL178W,34
YLL024C,34
YNR017W,34
YHR170W,34
YPR052C,34
YNL183C,34
YLR055C,34
YCR008W,34
YCL028W,34
YCR086W,34
YOR231W,33
YCR091W,33
YKL116C,33
YDL192W,33
YGR140W,33
YCR077C,33
YBR081C,33
YJL081C,33
YGR232W,33
YCL057CA,33
YDL153C,33
YER122C,33
YMR186W,32
YDR283C,32
YNL330C,32
YJL124C,32
YJL165C,32
YDR394W,32
YOR362C,32
YDR335W,32
YMR117C,32
YLR229C,32
YBR031W,32
YAL034WA,32
YBR060C,32
YBR193C,31
YEL032W,31
YDL155W,31
YJL176C,31
YCR084C,31
YOR224C,31
YCL059C,31
YPL235W,31
YGL190C,31
YKL168C,31
YKL203C,31
YIL144W,31
YMR129W,31
YDR167W,31
YHR205W,31
YOR098C,31
YBR274W,31
YOL117W,31
YAL021C,31
YOR261C,31
YBR089CA,31
YBL105C,31
YKL172W,31
YDR404C,30
YNR053C,30
YIL004C,30
YER164W,30
YLR377C,30
YDR523C,30
YJL061W,30
YNL025C,30
YLR378C,30
YOR340C,30
YER151C,30
YAL043C,30
YER112W,30
YBR135W,29
YGL172W,29
YGL099W,29
YKL018W,29
YNL131W,29
YGR113W,29
YOL123W,29
YBR080C,29
YFL024C,29
YPL256C,29
YGR162W,29
YNL027W,29
YGL201C,29
YNR010W,29
YJL084C,29
YLL004W,29
YBR079C,29
YOR039W,29
YGL097W,29
YGL245W,29
YMR236W,29
YHL033C,29
YPL146C,29
YPR181C,29
YFR052W,29
YAL028W,28
YPR072W,28
YFR002W,28
YGR270W,28
YOR106W,28
YDR113C,28
YBR112C,28
YOL148C,28
YDL165W,28
YER105C,28
YGL025C,28
YOR210W,28
YML001W,28
YKL048C,28
YBL026W,28
YGR130C,28
YNL216W,28
YNR052C,27
YDR091C,27
YML037C,27
YGL206C,27
YOR001W,27
YGL105W,27
YNL107W,27
YFL009W,27
YDR216W,27
YOL005C,27
YOL133W,27
YIL149C,27
YLR258W,27
YKL042W,27
YJL098W,27
YDR190C,27
YMR223W,27
Q0045,27
YER139C,27
YGR135W,27
YFL038C,27
YCR073C,27
YGL150C,27
YNL263C,27
YOL069W,27
YLL019C,26
YFR046C,26
YGR167W,26
YNL002C,26
YGL173C,26
YLR079W,26
YOR119C,26
YGR276C,26
YHL034C,26
YDR439W,26
YOL139C,26
YOL004W,26
YGL008C,26
YNL251C,26
YJL036W,26
YLR399C,26
YOL149W,26
YPR187W,26
YLR274W,26
YHR041C,26
YPR010C,26
YGL092W,26
YJL006C,26
YDL047W,26
YKL049C,26
YAR002W,26
YLR335W,26
YPR120C,26
YGL212W,26
YHR084W,26
YHR005C,26
YDL229W,26
YDR363WA,26
YNL102W,26
YOL135C,26
YLR357W,25
YJL122W,25
YLR075W,25
YJR072C,25
YDR122W,25
YJL194W,25
YPR056W,25
YDL159W,25
YNL007C,25
YGR048W,25
YOR123C,25
YBR289W,25
YHL025W,25
YOL045W,25
YOR257W,25
YJR112W,25
YML121W,25
YFR034C,25
YKL185W,25
YML103C,25
YML069W,25
YJL128C,25
YDR138W,25
YBL078C,25
YMR203W,25
YLR208W,25
YGR179C,25
YOR204W,25
YOR272W,25
YBR279W,25
YDR489W,25
YBR202W,24
YLR002C,24
YNL055C,24
YOR174W,24
YBL079W,24
YDR427W,24
YDL070W,24
YGR056W,24
YLR103C,24
YOL041C,24
YDR244W,24
YBL050W,24
YML091C,24
YBR211C,24
YNL020C,24
YLR442C,24
YOR259C,24
YPL012W,24
YKR062W,24
YPL181W,24
YOL086C,24
YDR392W,24
YGR047C,24
YBR136W,24
YMR276W,24
YGL253W,24
YDL064W,24
YNL222W,24
YCL037C,24
YNR024W,24
YOR056C,24
YIR006C,24
YNL271C,24
YJL034W,24
YGL116W,24
YIL109C,24
YOL077C,24
YNL209W,24
YBR272C,24
YML092C,23
YDL013W,23
YGR200C,23
YPL047W,23
YOL128C,23
YMR109W,23
YBR111WA,23
YMR140W,23
YPL018W,23
YLR249W,23
YOL082W,23
YNL121C,23
YDL077C,23
YCR093W,23
YLR418C,23
YML062C,23
YML074C,23
YHR143WA,23
YPL254W,23
YML031W,23
YGR245C,23
YNL006W,23
YDL002C,23
YGR097W,23
YNL287W,23
YOR089C,23
YOR207C,23
YBR173C,23
YIL162W,23
YLR093C,23
YHR090C,23
YKL028W,23
YNR006W,22
YFL005W,22
Q0250,22
YKR014C,22
YBL084C,22
YBR034C,22
YPR108W,22
YER025W,22
YBR041W,22
YDL088C,22
YLR314C,22
YNL004W,22
YFL033C,22
YDL097C,22
YKL130C,22
YLR018C,22
YLR182W,22
YOR153W,22
YLL006W,22
YER021W,22
YKR082W,22
YMR080C,22
YNL064C,22
YMR036C,22
YGR013W,22
YNL227C,22
YLL045C,22
YCL029C,22
YAL017W,22
YNL182C,22
YHR058C,22
YML085C,22
YIL070C,22
YIR026C,22
YDR103W,22
YDR207C,22
YNL244C,22
YMR190C,22
YNL288W,21
YNL147W,21
YJR093C,21
YOR206W,21
YFR024CA,21
YPR165W,21
YAL038W,21
YDR054C,21
YER087CB,21
YDR334W,21
YFR021W,21
YDR468C,21
YNR054C,21
YLR424W,21
YMR033W,21
YER146W,21
YDR254W,21
YDR301W,21
YLR396C,21
YPR070W,21
YCL011C,21
YLR127C,21
YGR282C,21
YDR146C,21
YPR161C,21
YKR002W,21
YBR247C,21
YKL022C,21
YPL180W,21
YGL093W,21
YBL024W,21
YFR053C,21
YGR002C,21
YAL030W,21
YGR229C,21
YNL206C,21
YAL041W,21
YDR308C,21
YGR090W,21
YMR239C,21
YLR262C,21
YMR197C,21
YHR166C,21
YBR108W,21
YBL011W,21
YJL074C,21
YOR036W,21
YDR013W,21
YGL058W,21
YCR072C,21
YFR037C,21
YDL007W,21
YJL080C,21
YOR308C,21
YDL006W,21
YGR180C,21
YPR034W,21
YMR086W,21
YDR080W,21
YOR157C,21
YMR127C,21
YFR050C,20
YGR186W,20
YAL047C,20
YLL021W,20
YKL180W,20
YMR231W,20
YLR175W,20
YGL070C,20
YOR327C,20
YPR093C,20
YOR027W,20
YPL269W,20
YPR160W,20
YLR319C,20
YML016C,20
YLR192C,20
YOR332W,20
YBL103C,20
YNL078W,20
YOL145C,20
YLR044C,20
YML032C,20
YPL078C,20
YMR037C,20
YGL153W,20
YOR361C,20
YDL149W,20
YER082C,20
YDR416W,20
YGR119C,20
YCR057C,20
YDL065C,20
YGL035C,20
YDL029W,20
YER157W,20
YBL075C,20
YNL136W,20
YBR155W,20
YDR378C,20
YGL049C,20
YGR172C,20
YPR032W,20
YKL126W,20
YOR270C,20
YEL013W,20
YJR022W,20
YPL139C,20
YJL157C,20
YKL181W,20
YDL084W,20
YJR007W,20
YJR092W,20
YBR170C,20
YLR150W,20
YML088W,20
YFR027W,19
YNR067C,19
YDR168W,19
YLR300W,19
YGL241W,19
YER107C,19
YGR192C,19
YGR159C,19
YNL118C,19
YCL032W,19
YOL038W,19
YPR046W,19
YNR031C,19
YIL133C,19
YKL089W,19
YPL220W,19
YGL066W,19
YPR023C,19
YDL017W,19
YPL237W,19
YDR318W,19
YFR010W,19
YKL155C,19
YNL225C,19
YDR110W,19
YDR261C,19
YPL037C,19
YOL127W,19
YOR190W,19
YDL208W,19
SNR17B,19
SNR17A,19
YOL013C,19
YOR254C,19
YNL261W,19
YPR135W,19
YHR107C,19
YGL137W,19
YBR189W,19
YOL021C,19
YPL063W,19
YLR310C,19
YIL061C,19
YHR086W,19
YIL091C,18
YGR214W,18
YKL135C,18
YGL181W,18
YKR039W,18
YDR195W,18
YBR095C,18
YGL004C,18
YHR088W,18
YDR096W,18
YPL133C,18
YLR452C,18
YGL060W,18
YDL008W,18
YKL057C,18
YBL047C,18
YCR012W,18
YLR277C,18
YGL031C,18
YCR002C,18
YBR130C,18
YOR156C,18
YJL190C,18
YER143W,18
YER118C,18
YNL312W,18
YHL024W,18
Q0085,18
YLR191W,18
YMR291W,18
YGR120C,18
YER016W,18
YHR105W,18
YCR063W,18
YPL218W,18
YOR294W,18
YER171W,18
YDL145C,18
YNL061W,18
YDR280W,18
YHR118C,18
YER154W,18
YML007W,18
YPR041W,18
YJL019W,18
YJR090C,18
YLR078C,18
YKR016W,18
YLR102C,18
YHL030W,18
YOR189W,18
YPR018W,18
YJR045C,18
YDR359C,18
YJR121W,18
YLR430W,18
YKL052C,17
YAL026C,17
YOL090W,17
YLR223C,17
YIL150C,17
YML015C,17
YLR457C,17
YML129C,17
YNL284CA,17
YBR017C,17
YJR060W,17
YLR197W,17
YIL033C,17
YNR023W,17
YGL123W,17
YLR433C,17
YLR203C,17
YLR276C,17
YPL045W,17
YMR205C,17
YER126C,17
YMR032W,17
YJL050W,17
YKL195W,17
YML013W,17
Q0105,17
YPL217C,17
YDR118W,17
YGR253C,17
YDL134C,17
YPL232W,17
YDL003W,17
YIR037W,17
YJL072C,17
YMR314W,17
YLR025W,17
YIL135C,17
YKL067W,17
YMR005W,17
YLR423C,17
YKL129C,17
YKL194C,17
YNL110C,17
YDR012W,17
YGR184C,17
YDL185W,17
YGR033C,17
YGL134W,17
SNR30,17
YKR022C,17
YPL016W,17
YLL043W,17
YOR096W,17
YDR311W,17
YPL106C,17
YLR134W,17
YDR382W,17
YOR373W,17
YIL084C,17
YOR083W,17
YKL082C,17
YER098W,17
YIL107C,17
YGL200C,17
YNL243W,17
YDR443C,17
YNL236W,17
YEL048C,17
YMR184W,17
YDL020C,16
YLR115W,16
YGL044C,16
YPR036W,16
YNL317W,16
YDR179C,16
YLR178C,16
YBR102C,16
YJR042W,16
YOR007C,16
YDR395W,16
YBR127C,16
YLR056W,16
YGR009C,16
YNL293W,16
YMR043W,16
YGL233W,16
YGR156W,16
YGL219C,16
YHR056C,16
YGL210W,16
YCR035C,16
YOR212W,16
YGL198W,16
YKR010C,16
YMR116C,16
YPL004C,16
YKL023W,16
YLR275W,16
YHR016C,16
YER129W,16
YLR148W,16
YPL081W,16
YDR490C,16
YPR141C,16
YMR039C,16
YDR260C,16
YBR169C,16
YKR095W,16
YML064C,16
YDR073W,16
YDR460W,16
YNL232W,16
YGR195W,16
YBR253W,16
YJR082C,16
YDL209C,16
YML012W,16
YPL233W,16
YIL022W,16
YML030W,16
YLL013C,16
YGL244W,16
YDL156W,16
YOR249C,16
YCL061C,16
YEL002C,16
YPL138C,16
YPL140C,16
YBR142W,16
YNL246W,16
YDR023W,16
YGR095C,16
YKL080W,16
YHR108W,16
YLR384C,16
YAR002CA,16
YDR429C,16
YDL005C,16
YCR088W,16
YNL172W,16
YOR076C,16
YDR211W,16
YGL240W,16
YCR052W,16
YKL213C,16
YOR144C,16
YER031C,16
YCL043C,16
YER008C,16
YDR380W,15
YGR142W,15
YNL093W,15
YDL060W,15
YMR146C,15
YGL051W,15
YJL014W,15
YJL143W,15
YOR357C,15
YDR130C,15
YDR188W,15
YAR018C,15
YDR411C,15
YDR303C,15
YDR189W,15
YGR178C,15
YER032W,15
YDL111C,15
YGR112W,15
YOR065W,15
YDR052C,15
YGL011C,15
YLR257W,15
YBR245C,15
YMR273C,15
YDL191W,15
YCR030C,15
YDR159W,15
YPR055W,15
YHR102W,15
YEL022W,15
YKL012W,15
YJL148W,15
YLR259C,15
YBR267W,15
YIL156W,15
YNL097C,15
YMR196W,15
YGR285C,15
YBL064C,15
YER095W,15
YJR148W,15
YBR023C,15
YDL225W,15
YKR094C,15
YLL026W,15
YBL058W,15
YDR153C,15
YPR191W,15
YMR061W,15
YDR238C,15
YPR168W,15
YKL186C,15
YJR065C,15
YKR068C,15
YBR172C,15
YPL043W,15
YIL038C,15
YML045WA,15
YIL143C,15
YHR134W,15
YER155C,15
YAL023C,15
YJL002C,15
YNL001W,15
YJR046W,15
YER173W,15
YNR047W,15
YDR134C,15
YDR208W,15
YOL091W,15
YGR087C,15
YNL084C,15
YEL024W,15
YHL031C,15
YML008C,15
YKL108W,15
YPR175W,15
YNR018W,14
YLR403W,14
YMR224C,14
YPR183W,14
YDR057W,14
YOR198C,14
YER167W,14
YDR060W,14
YKL173W,14
YNL073W,14
YMR031C,14
YIL105C,14
YCL014W,14
YPR171W,14
YKL103C,14
YDR233C,14
YKR071C,14
YPR049C,14
YGR262C,14
YPR152C,14
YKL210W,14
YNL221C,14
YDL100C,14
YGL113W,14
YDR265W,14
Q0275,14
YDR330W,14
YFR001W,14
YOR046C,14
YDR121W,14
YPL211W,14
YDR034CC,14
YLR350W,14
YPR091C,14
YOL006C,14
YNL201C,14
YBR020W,14
YPR013C,14
YKL143W,14
YAL013W,14
YFR036W,14
YGL127C,14
YDR496C,14
YJR144W,14
YHR196W,14
YMR048W,14
YMR288W,14
YKL059C,14
YNL113W,14
YKL093W,14
YGL043W,14
YPL077C,14
YDR365C,14
YNL112W,14
YNL262W,14
YGR082W,14
YPL257WA,14
YGL103W,14
YGL012W,14
YIR025W,14
YFL037W,14
YDR027C,14
YPL242C,14
YKL161C,14
YCR073WA,14
YHR152W,14
YGR175C,14
YHR010W,14
YGR240C,14
YPR025C,14
YNL273W,14
YHR158C,14
YMR297W,14
YNR009W,14
YCR009C,14
YBR086C,14
YDR135C,14
YOL068C,14
YOR115C,14
YNL044W,14
YBR171W,14
YHR206W,14
YDR028C,14
YML098W,14
YDR075W,14
YKL062W,14
YLR207W,14
YPL127C,14
YJL090C,14
YLR003C,14
YBL055C,14
YML073C,14
YOR250C,14
YGL187C,14
YPR137CA,14
YLR100W,14
YOR177C,14
YHR083W,13
YOR304W,13
YNR046W,13
YDL095W,13
YFR051C,13
YHR193C,13
YMR078C,13
YOR191W,13
YGL073W,13
YHR069C,13
YHR104W,13
YML096W,13
YKL079W,13
YJR089W,13
YDR079CA,13
YCR105W,13
YEL051W,13
YLR005W,13
YGR249W,13
YML035C,13
YAL059W,13
YJL168C,13
YDL103C,13
YGR086C,13
YLL022C,13
YMR091C,13
YGR060W,13
YER174C,13
YPL126W,13
YJL005W,13
YJL109C,13
YDR368W,13
YOL044W,13
YCL010C,13
YNL076W,13
YDR451C,13
YLR045C,13
YDL190C,13
YIL148W,13
YIL030C,13
YOL027C,13
YDR005C,13
YGL256W,13
YOL121C,13
YOL115W,13
YJL167W,13
YPL178W,13
YDR450W,13
YLR196W,13
YJL085W,13
YBL093C,13
YJR123W,13
YML026C,13
YLR180W,13
YML048W,13
YKL152C,13
YMR304W,13
YOR335C,13
YER116C,13
YLR212C,13
YIL007C,13
YJL047C,13
YIL068C,13
YBR123C,13
YMR309C,13
YKR097W,13
YOR370C,13
YER015W,13
YNL117W,13
YLR449W,13
YPL124W,13
YDL031W,13
YAL016W,13
YLR209C,13
YLR265C,13
YHL020C,13
YLR342W,13
YPL001W,13
YLR410W,13
YNL214W,13
YOR014W,13
YLR421C,13
YEL054C,13
YCL008C,13
YER123W,13
YOR260W,13
YGR275W,13
YGL209W,13
YBR084W,13
YBR093C,13
YPL144W,12
YBL008W,12
YOR075W,12
YPL266W,12
YNL229C,12
YDL195W,12
YBL085W,12
YER111C,12
YLR330W,12
YBR055C,12
YLR409C,12
YKR009C,12
YLR315W,12
YPR105C,12
YKL138CA,12
YGL086W,12
YDL223C,12
YHR121W,12
YOL070C,12
YFR031C,12
YJR160C,12
YIL046W,12
YMR106C,12
YKL197C,12
YJR041C,12
YGL061C,12
YAR014C,12
YMR227C,12
YHR117W,12
YER179W,12
YPR173C,12
YER013W,12
YNL069C,12
YJL104W,12
YOL061W,12
YLR015W,12
YLR008C,12
YOL072W,12
YLR450W,12
YFL008W,12
YPL094C,12
YER162C,12
YDL113C,12
YJR110W,12
YLR147C,12
YJR050W,12
YDR088C,12
YPL194W,12
YIR003W,12
YGR038W,12
YMR201C,12
YBR119W,12
YLR429W,12
YDR169C,12
YDL053C,12
YDL232W,12
YDR164C,12
YMR183C,12
YHR081W,12
YKR031C,12
YBR107C,12
YER018C,12
YNR035C,12
YGL022W,12
YDR229W,12
YEL056W,12
YKL198C,12
YDL247W,12
YKR054C,12
YDR206W,12
YMR138W,12
YJR068W,12
YBR262C,12
YFL036W,12
YNL074C,12
YKL217W,12
YOL147C,12
YNL280C,12
YLL028W,12
YOR239W,12
CYC86,12
YPL122C,12
YJR032W,12
YDR162C,12
YDL080C,12
YOR054C,12
YIL112W,12
YOR038C,12
YKR021W,12
YBR188C,12
YOR057W,12
YMR028W,12
YBL099W,12
YJR001W,12
YDR264C,12
YKL064W,12
YGL223C,12
YAR003W,12
YGL071W,12
YMR263W,12
YIL159W,12
YBR257W,12
YJR132W,12
YER161C,12
YOR028C,12
YOR080W,12
YJR125C,12
YMR235C,12
YGL001C,12
YFL048C,12
YHR187W,12
YDR362C,12
YFL013C,12
YBR156C,12
YGL016W,12
YDL043C,12
YGL195W,12
YER044C,12
YDR312W,11
YDR299W,11
YNL145W,11
YHR007C,11
YDR059C,11
YKR008W,11
YMR168C,11
YDL227C,11
YMR104C,11
YFL011W,11
YPL167C,11
YJR005W,11
YGR158C,11
YJL154C,11
YPL201C,11
YGR021W,11
YNR033W,11
YMR167W,11
YGR258C,11
YML071C,11
YPR040W,11
YPL008W,11
YGR166W,11
YKL016C,11
YLR131C,11
YHR034C,11
YML114C,11
YKL211C,11
YMR268C,11
YDR379W,11
YMR068W,11
YNL166C,11
YGL098W,11
YHR039CA,11
YAL029C,11
YNL267W,11
YOL083W,11
YOR132W,11
YBR164C,11
YDR201W,11
YHR207C,11
YML034W,11
YLR133W,11
YDR217C,11
YJL210W,11
YDR016C,11
YPR110C,11
YOR109W,11
YGR094W,11
YER020W,11
YDR398W,11
YEL015W,11
YOR269W,11
YOL026C,11
YNL106C,11
YLR291C,11
YDL230W,11
YGL075C,11
YDR212W,11
YKR092C,11
YMR240C,11
YDR240C,11
YBR083W,11
YML063W,11
YBR167C,11
YOL111C,11
YGL178W,11
YDL188C,11
YGR116W,11
YNL135C,11
YLR394W,11
YGR063C,11
YJR053W,11
YFL029C,11
YEL018W,11
YPL151C,11
YJL001W,11
YJL138C,11
YKR037C,11
YLR439W,11
YNL304W,11
YDR228C,11
YGR134W,11
YDR324C,11
YDL168W,11
YBR234C,11
YHR072W,11
YHR062C,11
YMR054W,11
YER002W,11
YDR170C,11
YEL062W,11
YMR112C,11
YBL097W,11
YDR309C,11
YER136W,11
YOL078W,11
YOR145C,11
YMR125W,11
YKL146W,11
YGL205W,11
YKL160W,11
YOL108C,11
YGR078C,11
YPL195W,11
YBR028C,11
YDR480W,11
YML019W,11
YAL035W,11
YFL049W,11
YIL142W,11
YGL151W,11
YPR029C,11
YCR066W,11
YNL075W,11
YOR085W,11
YGL194C,11
YOR116C,11
YBR254C,11
YOL146W,11
YBL032W,11
YCL054W,11
YDR383C,11
YHR023W,11
YPR028W,11
YER040W,11
YML006C,10
YJL204C,10
YNL152W,10
YNL054WA,10
YBR273C,10
YOL034W,10
YLR447C,10
YNL103W,10
YKL006W,10
YOL001W,10
YKL204W,10
YIL026C,10
YKL035W,10
YDR150W,10
YBL071WA,10
YNR019W,10
YDR407C,10
YNL104C,10
YPL190C,10
YNL258C,10
YGR129W,10
YDL056W,10
YML102W,10
YER064C,10
YML057W,10
YPL086C,10
YPR162C,10
YFL002C,10
YOR160W,10
YIL002C,10
YOR048C,10
YER127W,10
YLL002W,10
YBL061C,10
YLR019W,10
YCR059C,10
YGR077C,10
YMR149W,10
YDL040C,10
YGR074W,10
YJR138W,10
YFR015C,10
YGL234W,10
YJL089W,10
YLR440C,10
YOR078W,10
YML077W,10
YMR093W,10
YKR029C,10
YOL054W,10
YPR164W,10
YAL033W,10
YML109W,10
YIL045W,10
YHR074W,10
YOL094C,10
YAL002W,10
YML029W,10
YLR033W,10
YMR077C,10
YDR166C,10
YNL068C,10
YMR213W,10
YML083C,10
YHR190W,10
YPR129W,10
YAL010C,10
YHR174W,10
YKL013C,10
YHR157W,10
YKL212W,10
YDL074C,10
YOR374W,10
YMR218C,10
YMR094W,10
YOL125W,10
YKL006CA,10
YJR019C,10
YJL051W,10
YDR440W,10
YDR155C,10
YHR156C,10
YIL155C,10
YNL052W,10
SNR4,10
YDL117W,10
YCR079W,10
YDL106C,10
YJL029C,10
YOR018W,10
YNL079C,10
YPL049C,10
YKR083C,10
YPL214C,10
YGR010W,10
YOR124C,10
YCR016W,10
YLR167W,10
YJL066C,10
YKL058W,10
YDR128W,10
YLR060W,10
YOL025W,10
YNL053W,10
YKR079C,10
YER054C,10
YMR260C,10
YBR145W,10
YLR263W,10
YHR013C,10
YNL290W,10
YHR214CC,10
YML049C,10
YLR067C,10
YGL252C,10
YNL098C,10
YOR094W,10
YNL016W,10
YJL026W,10
YMR083W,10
YGR287C,10
YDR495C,10
YMR131C,10
YJL166W,10
YGR020C,10
YEL036C,10
YDR001C,10
YDL079C,10
YLR328W,10
YCR042C,10
YOR185C,10
YAL001C,10
YGL106W,10
YBR087W,10
YLR006C,10
YEL029C,10
YPL020C,10
YDR449C,10
YBR175W,10
YLR370C,10
YNL245C,10
YGR038CA,10
YDR472W,10
YMR318C,10
YBR201W,10
YBR039W,10
YGL135W,10
YBL041W,10
YDL143W,10
YKL125W,10
YKL038W,10
YGR223C,10
YDL150W,10
YML127W,10
YDR310C,10
YHR164C,10
YAL040C,10
YKR059W,10
YAL024C,10
YHR087W,10
YOR176W,10
YMR120C,10
YER029C,10
YDL184C,10
YBL104C,10
YMR102C,10
YGR030C,10
YNL139C,10
YKL193C,10
YHL002W,10
YBL072C,10
YBL046W,10
YPR107C,10
YBL088C,10
YDL148C,10
YGL141W,9
YJL219W,9
YDR329C,9
YOL156W,9
RDN371,9
RDN372,9
YDR108W,9
YPL089C,9
YER027C,9
YBR038W,9
YGL115W,9
YOR208W,9
YDL055C,9
YFL044C,9
YJR043C,9
YGL197W,9
YPL173W,9
RDN581,9
YMR202W,9
YGL227W,9
YJL208C,9
YNL329C,9
YKL110C,9
YMR041C,9
YDL161W,9
YPL046C,9
YKL121W,9
YOL081W,9
YOL138C,9
YLR029C,9
YMR075W,9
YOR103C,9
YNL022C,9
YJR070C,9
YGL005C,9
YOR232W,9
YGR238C,9
YJR033C,9
YDR424C,9
YNL167C,9
YGL191W,9
YDL203C,9
YNL021W,9
YLR318W,9
YGL208W,9
YBL004W,9
YJR097W,9
YKR090W,9
YJL191W,9
YDR405W,9
YDL019C,9
YER132C,9
YDL051W,9
YLR216C,9
YMR246W,9
YPR082C,9
YDL120W,9
YGR161C,9
YIL016W,9
YFR017C,9
YDL213C,9
YKL060C,9
YHR137W,9
YDR342C,9
YDL136W,9
YKL109W,9
YNL047C,9
YJL033W,9
YCR028CA,9
YLR145W,9
YLR321C,9
YNL125C,9
YMR076C,9
YKL113C,9
YNL282W,9
YMR284W,9
YHL009C,9
YGR188C,9
YLR146C,9
YDR498C,9
YCR020WB,9
YLL011W,9
YJL110C,9
YJR052W,9
YDR259C,9
YDR177W,9
YOR110W,9
YKL010C,9
YDR536W,9
YLR032W,9
YGR003W,9
YDL181W,9
YMR270C,9
YGL013C,9
YHR182W,9
YFR029W,9
YGR177C,9
YOR377W,9
YEL026W,9
YOL130W,9
YNL299W,9
Q0130,9
YGR251W,9
YHR183W,9
YLR086W,9
YDR320CA,9
YBR275C,9
YHR172W,9
YNL253W,9
YOL104C,9
YNL132W,9
YHR208W,9
YML046W,9
YDL087C,9
YGR209C,9
YPR113W,9
YPR178W,9
YGR109C,9
YBR260C,9
YDR064W,9
YER103W,9
YGR231C,9
SNR35,9
YBR143C,9
YDR086C,9
YLR367W,9
YDR346C,9
YIR005W,9
YMR026C,9
YLR305C,9
YJR145C,9
YNL051W,9
YGL161C,9
YMR172W,9
SNR128,9
YGR241C,9
YPL011C,9
YGR246C,9
YMR199W,9
YHL023C,9
YEL012W,9
YKL206C,9
YLR022C,9
YNR051C,9
YJL062WA,9
YMR004W,9
YKL112W,9
YBR114W,9
YJL069C,9
YDL115C,9
YKL091C,9
YOL142W,9
RDN582,9
YLR441C,9
YML111W,9
YBL009W,9
YJL198W,9
YPR035W,9
YLR021W,9
YKL207W,9
YBR177C,8
YIL140W,8
YNR007C,8
YFL010C,8
YGR148C,8
YBR182C,8
YNL217W,8
YHR203C,8
YLR292C,8
YDR246W,8
YML054C,8
YLR337C,8
YKR026C,8
YJL054W,8
YKL142W,8
YJL214W,8
YBR258C,8
YAL007C,8
YIL136W,8
YIL118W,8
YPL265W,8
YBR205W,8
YDL160CA,8
YLR432W,8
YPR102C,8
YDR252W,8
YGR173W,8
YDL245C,8
YLR231C,8
YOR159C,8
YOR026W,8
YIL104C,8
YPR101W,8
YDR123C,8
YPR185W,8
YER065C,8
YPR054W,8
YNL070W,8
YEL069C,8
YLR381W,8
YMR011W,8
YER092W,8
YML056C,8
YIR015W,8
YKL088W,8
YER019CA,8
YFR033C,8
YDR409W,8
YKL008C,8
YBR103W,8
YFL031W,8
YNL302C,8
YDR457W,8
YCR005C,8
YMR022W,8
YML028W,8
YLR043C,8
YCR033W,8
YNR003C,8
YOR023C,8
YCR060W,8
YNR049C,8
YIL153W,8
YDL217C,8
YNL210W,8
YHR094C,8
YBL017C,8
YPL268W,8
YLR344W,8
YGL055W,8
YBR092C,8
YML058W,8
YLR106C,8
YPL101W,8
YGR163W,8
YDL164C,8
YOR069W,8
YJR158W,8
YOL066C,8
YDR469W,8
YDR236C,8
YDR372C,8
YJL111W,8
YNL192W,8
YCR081W,8
YGL030W,8
YNL041C,8
YIR002C,8
YJR135C,8
YGR108W,8
YBR264C,8
YPL009C,8
YNR016C,8
YGL184C,8
YDR418W,8
YOL055C,8
YOR324C,8
YHR096C,8
YPL050C,8
YGL076C,8
YHR181W,8
YMR128W,8
YLR417W,8
YMR015C,8
YFR019W,8
YPR121W,8
YOL120C,8
YBR252W,8
YHR092C,8
YDL078C,8
YCL001W,8
YDR497C,8
YDR323C,8
YPL258C,8
YLR170C,8
YOR273C,8
YGR091W,8
YER093C,8
YPL255W,8
YNR072W,8
YHR012W,8
YOR217W,8
YBL035C,8
YBR049C,8
YMR155W,8
YDR142C,8
CX20,8
YAL014C,8
YDR139C,8
YAL056W,8
YER166W,8
YOR216C,8
YER094C,8
YOR276W,8
YOR209C,8
YBR019C,8
YDR049W,8
YDR272W,8
YGR289C,8
YBL052C,8
YDR152W,8
YOR113W,8
YML051W,8
YKR036C,8
YGL079W,8
YHR216W,8
YGR080W,8
Q0080,8
YPR074C,8
YHR085W,8
YPL174C,8
YBR029C,8
SNR37,8
YHR073W,8
YGR254W,8
YDR343C,8
YJL053W,8
YNL197C,8
YGR132C,8
YNL155W,8
YGR083C,8
RDN252,8
RDN251,8
YER073W,8
YCR031C,8
YBL057C,8
YPR024W,8
YIL079C,8
YNL026W,8
YKL184W,8
YKR101W,8
YMR173W,8
YOR143C,8
YMR012W,8
YGL133W,8
YFL026W,8
YDR266C,8
YBL014C,8
YCL035C,8
YPL267W,8
YOL039W,8
YDR174W,8
YLR058C,8
YJR006W,8
YDR345C,8
YJL177W,8
YIL018W,8
YNL248C,8
YJR084W,7
YJR044C,7
YIL062C,7
YJR140C,7
YNL277W,7
YDR226W,7
YGL014W,7
YER007W,7
YEL047C,7
YLR383W,7
YDR143C,7
YOR194C,7
YER089C,7
YJR141W,7
YIL065C,7
YOL103WA,7
YDL239C,7
YJL189W,7
YFR011C,7
YOR025W,7
YOR319W,7
YIL076W,7
YDR231C,7
YHR111W,7
YKL205W,7
YML067C,7
YNL316C,7
YLR081W,7
YLR141W,7
YPL193W,7
YKL174C,7
YML036W,7
YKR027W,7
YBR215W,7
YOR064C,7
YGL148W,7
YBR159W,7
YBR225W,7
YIL139C,7
YER178W,7
YHR061C,7
YJL030W,7
YER120W,7
YJR063W,7
YOR230W,7
YOR047C,7
YJR009C,7
YPL085W,7
YLR155C,7
YNL188W,7
YLR157C,7
YLR256W,7
YGL229C,7
YDR097C,7
YMR020W,7
YNL126W,7
YDL175C,7
YKL095W,7
YBL005W,7
YNL059C,7
YER131W,7
YDL076C,7
YDR120C,7
YOR201C,7
YPL084W,7
YPR104C,7
YBR035C,7
YJR057W,7
YNL127W,7
YLR215C,7
YCL027W,7
YPR083W,7
YJL146W,7
YAL011W,7
YPL100W,7
YGL202W,7
YNL233W,7
YPL002C,7
YOR213C,7
YGR105W,7
YHR005CA,7
YKR063C,7
YGL156W,7
YJR021C,7
YOR071C,7
YDR235W,7
YNL066W,7
YGL226CA,7
YFR022W,7
YLR323C,7
YGR054W,7
YDR202C,7
YMR307W,7
YLR160C,7
YGL145W,7
YPR133C,7
YNL265C,7
YML081CA,7
YDR256C,7
YHR148W,7
YDR369C,7
YKL054C,7
YDL083C,7
YPL022W,7
YNL116W,7
YBL006C,7
YHR162W,7
YPL065W,7
YDL075W,7
YLR158C,7
YLR324W,7
YLR200W,7
YAL042W,7
YOR074C,7
YOR164C,7
YHR191C,7
YDL082W,7
YKR055W,7
YOR297C,7
YDR277C,7
YPR007C,7
YKL020C,7
YJL070C,7
YIL074C,7
YMR312W,7
YKL045W,7
YKL141W,7
YBL034C,7
YOR329C,7
YGR256W,7
YHR167W,7
YGR267C,7
YER017C,7
YKL085W,7
YCR038C,7
YGL213C,7
YLR410WA,7
YOR360C,7
YPL215W,7
YIL160C,7
YDR436W,7
YOL009C,7
YAR071W,7
YDR516C,7
YEL020WA,7
YKR080W,7
SNR10,7
YDR171W,7
YMR055C,7
YMR115W,7
YJR025C,7
YHR161C,7
YGL090W,7
YMR295C,7
YLR307W,7
YAL036C,7
YJL020C,7
YDL030W,7
YGR001C,7
YGL163C,7
YGL124C,7
YLR386W,7
YLR371W,7
YMR294W,7
YHR072WA,7
YPR158CC,7
YLR183C,7
YIR008C,7
YLR240W,7
YNL077W,7
YIL053W,7
YHL032C,7
YFR038W,7
YBR195C,7
YOR317W,7
YPR190C,7
YMR237W,7
YGR222W,7
YNL308C,7
YDR239C,7
YHR185C,7
YJR130C,7
YIL172C,7
YNR013C,7
YML105C,7
YLR345W,7
YHL015W,7
YMR192W,7
YBR270C,7
YER102W,7
YLR129W,7
YOR184W,7
YBR091C,7
YNL094W,7
YDR385W,7
YOR162C,7
YDL212W,7
YPR159W,7
YJR048W,7
YPR111W,7
YJR119C,7
YLR359W,7
YBR217W,7
YNL101W,7
YNL088W,7
YPR133WA,7
YDR473C,7
YLL050C,7
YKL182W,7
YPL246C,7
YPR144C,7
YER072W,7
YMR111C,7
YIR033W,7
YLR222C,7
YDR093W,7
YPR137W,7
YPR156C,7
CYC1,7
YGR098C,7
YLR303W,7
YAL025C,7
YOR368W,7
YNR064C,7
YNL289W,7
YOR195W,7
YML042W,7
YDR069C,7
YLL018C,7
YPR042C,7
YPR182W,7
YJL196C,7
YKR024C,7
YLR313C,6
YDR363W,6
YPL166W,6
YDL226C,6
YDR196C,6
YDR364C,6
YLR233C,6
YOR033C,6
YDR485C,6
YKR084C,6
YPL206C,6
YML112W,6
YDR004W,6
YDL139C,6
YOR245C,6
YJL130C,6
YDL039C,6
YER030W,6
YKR006C,6
YGR027WA,6
TLCAAA,6
TLCAAC,6
YDR245W,6
YPL145C,6
YBL018C,6
YIL063C,6
YGR126W,6
YMR072W,6
YLR007W,6
YOR140W,6
YER024W,6
YPL234C,6
YJL112W,6
YDR484W,6
YOR175C,6
YER033C,6
YGR118W,6
YLL003W,6
YLR425W,6
YLR109W,6
YDR390C,6
YMR135C,6
YOR171C,6
YBR018C,6
YPR088C,6
YGR099W,6
YLR320W,6
YDL179W,6
YER059W,6
YCR004C,6
YDR428C,6
YBL087C,6
YDL128W,6
YJR154W,6
YKL140W,6
YDR478W,6
YDR377W,6
YDR092W,6
YPL161C,6
YKL214C,6
YBR285W,6
YIL094C,6
YPL236C,6
YFL034CB,6
YLR288C,6
YDR486C,6
YFL007W,6
YDR354W,6
YLL001W,6
YKL178C,6
YCR076C,6
YLR237W,6
YGR233C,6
YPR094W,6
YPL007C,6
YOL112W,6
YBR179C,6
YNL141W,6
YMR219W,6
YGR017W,6
YIL077C,6
NME1,6
YDL182W,6
YHR098C,6
YPR058W,6
YER023W,6
YNL138W,6
YGR204W,6
YNL199C,6
YPL023C,6
YOR178C,6
YGR235C,6
YPL075W,6
YBL092W,6
YPL112C,6
YML117W,6
YLR176C,6
YML124C,6
YLR132C,6
YDR043C,6
YBL025W,6
YDR032C,6
YEL053C,6
YOR179C,6
SNR6,6
YLR098C,6
YFL050C,6
YKR001C,6
YJL100W,6
YPL115C,6
YKL106W,6
TLUAAJ,6
YBR231C,6
YOR004W,6
YHR114W,6
YDL092W,6
YKL114C,6
YHR014W,6
YLR437C,6
YPR069C,6
YFR031CA,6
YDR446W,6
YOR107W,6
YDR257C,6
YJL149W,6
YGR136W,6
YDR481C,6
YOL144W,6
YGR121C,6
YIL147C,6
YJL173C,6
YGL147C,6
YHR160C,6
YJR133W,6
YDR517W,6
YPR158WA,6
YLR438W,6
YMR081C,6
YJR075W,6
YBR097W,6
YFL016C,6
YDL081C,6
YOR281C,6
YPL015C,6
YGL083W,6
YLR306W,6
YDR007W,6
YGL171W,6
YAL020C,6
YDL131W,6
YLR387C,6
YGL023C,6
YLR309C,6
YLR048W,6
YOR112W,6
YNL175C,6
YGR152C,6
YGR034W,6
YDR470C,6
YNL157W,6
YHL019C,6
YFL054C,6
YKL127W,6
YDR325W,6
YKL150W,6
YKL041W,6
YAL019W,6
YKL001C,6
YHL021C,6
YMR121C,6
YPL120W,6
YJR049C,6
YJL099W,6
YMR275C,6
YOR192C,6
YMR053C,6
YKR007W,6
YDR173C,6
YBR072W,6
YLR128W,6
YDL173W,6
YJR047C,6
YOR346W,6
YPL152W,6
YDR151C,6
YIL009W,6
YPL125W,6
YNL100W,6
YMR052W,6
YLR368W,6
YJL011C,6
YLR226W,6
YFL001W,6
SNR24,6
YDR074W,6
YER099C,6
YKL065C,6
YBR140C,6
YOR091W,6
YDR288W,6
YDR178W,6
YJR091C,6
YOR035C,6
YPL118W,6
YDL059C,6
YLR135W,6
YOL010W,6
YDL216C,6
YMR200W,6
YLR119W,6
YOR299W,6
YIL125W,6
YKL148C,6
YBR138C,6
YPL172C,6
TYGUAJ2,6
YCL031C,6
TLCAAG2,6
YNL039W,6
YIL010W,6
YOR229W,6
YHR131C,6
YER026C,6
YGR292W,6
YBR298C,6
YPL249C,6
YKR041W,6
YGR210C,6
YJL108C,6
YLR206W,6
YDR076W,6
YFL017WA,6
YIL034C,5
YLR244C,5
YLR348C,5
YBR117C,5
YOL126C,5
YAL039C,5
YHR077C,5
YPL128C,5
YJL091C,5
YMR194W,5
YNL173C,5
YCR039C,5
YPR154W,5
YNL119W,5
YDR285W,5
YLR354C,5
YKL099C,5
YKL191W,5
YMR232W,5
YDR084C,5
YIL083C,5
YMR296C,5
YDR017C,5
YOR092W,5
YKR072C,5
YLR030W,5
YJR086W,5
YNL090W,5
YBR042C,5
YOL062C,5
YPR184W,5
YJR073C,5
YDL089W,5
YBR133C,5
YDR214W,5
YLR295C,5
YFR003C,5
YBR282W,5
YCL030C,5
YLR397C,5
YEL027W,5
YBR291C,5
YAR015W,5
YAL003W,5
YLR142W,5
YER109C,5
YGR280C,5
YJR014W,5
YDL004W,5
YDL102W,5
YJL052W,5
YKL159C,5
YNL301C,5
YJL121C,5
YML095C,5
YER044CA,5
YGL216W,5
YPL110C,5
YNL085W,5
YOR353C,5
CYC38,5
YDR513W,5
YHL013C,5
YGR014W,5
CX96,5
CX95,5
YMR069W,5
YOR133W,5
YDR322CA,5
YJL008C,5
YKR035WA,5
YPL148C,5
YIL031W,5
YDR295C,5
YDR191W,5
YDR471W,5
YOR166C,5
YER141W,5
YPR068C,5
YGL080W,5
YMR242C,5
YMR017W,5
YNL142W,5
YGR138C,5
YIL078W,5
YDR375C,5
YOL122C,5
YHR028C,5
YGR261C,5
YHR115C,5
YLR085C,5
YPL228W,5
YLR298C,5
YLR052W,5
YNL065W,5
YJR017C,5
YML080W,5
YIR001C,5
YBR166C,5
YOR298CA,5
YDR098C,5
YJR099W,5
YLR144C,5
Q0140,5
YML024W,5
YDR251W,5
YOR122C,5
YIL071C,5
YGR062C,5
YML094W,5
YDL066W,5
YLR234W,5
YPR067W,5
YOR073W,5
YJR074W,5
YAL012W,5
YJR134C,5
YLR272C,5
YOR005C,5
YBL056W,5
YDR180W,5
YNR032CA,5
YIL069C,5
YJR083C,5
YDR499W,5
YIL157C,5
YEL017W,5
YKL179C,5
YMR241W,5
YMR176W,5
YLR027C,5
YPL177C,5
YDR085C,5
YBR122C,5
YHR001W,5
YIL111W,5
YER070W,5
YIL051C,5
YNL169C,5
YPL090C,5
YER087W,5
YDR181C,5
YDL186W,5
YKR086W,5
YMR255W,5
YPL010W,5
YNL045W,5
YLR353W,5
SNR84,5
YPR030W,5
TLC1,5
YLR181C,5
YCL067C,5
YBR069C,5
YMR060C,5
YFL028C,5
YOL040C,5
YOR187W,5
YHR144C,5
YIL072W,5
YMR100W,5
YCR037C,5
YOR301W,5
YJL183W,5
YLR186W,5
YDR458C,5
YDR502C,5
YDL130W,5
YLR016C,5
YDR072C,5
YNR038W,5
YGL131C,5
YOR371C,5
YNL218W,5
YLR304C,5
YNL286W,5
YHR129C,5
YBR299W,5
YAL027W,5
YEL058W,5
YER149C,5
YER114C,5
YGL175C,5
YDR026C,5
YPL262W,5
YKL104C,5
YPL061W,5
YDR273W,5
YDR454C,5
YOR070C,5
YNR039C,5
YJR105W,5
YDR289C,5
YHR076W,5
YMR316W,5
YKL002W,5
YKL073W,5
YLR448W,5
YOR372C,5
YOR127W,5
YOR252W,5
YER019W,5
YLR136C,5
YPR180W,5
YML004C,5
YIR023W,5
YMR145C,5
YMR029C,5
YNL149C,5
YGL095C,5
YLR199C,5
YLR246W,5
YDL236W,5
YFR009W,5
YJL137C,5
YLR251W,5
YGR075C,5
YJR142W,5
YOR251C,5
YDR483W,5
YDR397C,5
YHL001W,5
YNR050C,5
YKR100C,5
YER047C,5
YJL058C,5
YEL065W,5
YLR221C,5
YPL109C,5
YJL156C,5
YMR025W,5
YHL022C,5
YKR025W,5
YDR002W,5
YOR034C,5
YOR344C,5
YHR031C,5
YGR181W,5
YDR422C,5
YDR298C,5
YOL151W,5
YOR358W,5
YNL238W,5
YLL041C,5
YPR051W,5
YNL314W,5
YDL072C,5
YGL054C,5
YMR142C,5
YEL019C,5
YNL049C,5
YBR015C,5
YJL155C,4
YGL084C,4
YBR248C,4
YFR008W,4
YHR009C,4
YGL237C,4
YNR032W,4
YPL143W,4
YCR034W,4
YFR047C,4
YGR100W,4
YBR191W,4
CX80,4
YDR035W,4
YLR011W,4
CYC120,4
YDR531W,4
YIL013C,4
YOL136C,4
YDR022C,4
YER169W,4
YDL146W,4
YPR176C,4
YGR277C,4
YER009W,4
YOR288C,4
YBL106C,4
YOR196C,4
YDL198C,4
CX45,4
CX47,4
YBR280C,4
YLR369W,4
YKL051W,4
YJL221C,4
YOR134W,4
YBR212W,4
YGL215W,4
YJR094C,4
YLR301W,4
YNL241C,4
RPR1,4
YBR176W,4
YDR131C,4
YGR185C,4
YOR081C,4
YOR101W,4
YPR167C,4
CX3,4
YGL045W,4
YER106W,4
YGR234W,4
YBR126C,4
YBR077C,4
YDR062W,4
YOR359W,4
YKR038C,4
YJR031C,4
YMR042W,4
YKR065C,4
YHR033W,4
YLR195C,4
YIR011C,4
YDL201W,4
YGR268C,4
YDR284C,4
YJR095W,4
YCL004W,4
YGR133W,4
YDR077W,4
YDR037W,4
YML041C,4
YLR393W,4
YOR279C,4
CX2,4
YGR076C,4
YDL137W,4
YJL184W,4
YER078C,4
YGR071C,4
YBR098W,4
YHR192W,4
YFL003C,4
YJL216C,4
YJR096W,4
YBR192W,4
YBR125C,4
YJR056C,4
YIL145C,4
YLR153C,4
YMR230W,4
YLR453C,4
YNR001C,4
YPL210C,4
CYC154,4
YGR271W,4
YIR004W,4
YEL042W,4
YGR194C,4
YGR041W,4
YGL026C,4
YHR042W,4
YGR225W,4
YKR067W,4
YMR143W,4
YPR138C,4
YCL044C,4
YDL210W,4
YHR051W,4
YMR287C,4
YGL186C,4
YOR066W,4
YJR102C,4
YJL048C,4
YBR244W,4
YPL155C,4
YDR425W,4
YDL135C,4
CX86,4
YJL105W,4
YGR068C,4
YER090W,4
YDR200C,4
YDL099W,4
YIL154C,4
YIL101C,4
YMR258C,4
YPL154C,4
YJR129C,4
YML055W,4
YGL009C,4
YLR451W,4
YPL271W,4
YBR230C,4
YOL086WA,4
YER075C,4
YJR094WA,4
YOR234C,4
YER153C,4
YLL049W,4
YCR092C,4
YML093W,4
YDR423C,4
YDR158W,4
YJL178C,4
YHR171W,4
YIL129C,4
YPR131C,4
YIL131C,4
YFL034W,4
YLR375W,4
YBR045C,4
YMR285C,4
YPR140W,4
YAL055W,4
RDN182,4
YNR034W,4
YKL043W,4
YPR189W,4
YGR028W,4
YDR127W,4
YIL099W,4
YOR211C,4
YPL135W,4
YIL008W,4
YBL039C,4
YGR284C,4
YMR164C,4
YLR210W,4
YGL130W,4
YGR266W,4
YMR124W,4
YBR278W,4
YDR373W,4
YLR190W,4
YPL121C,4
YBL101C,4
YJL203W,4
RDN181,4
YLR061W,4
YJR010CA,4
YGL078C,4
YGL211W,4
YIR029W,4
YLL029W,4
YCL063W,4
YBR058CA,4
YLR260W,4
YDR465C,4
YML086C,4
YOR042W,4
YJL004C,4
YOR138C,4
YGR203W,4
YPL057C,4
YMR099C,4
YGL220W,4
YGL108C,4
YBR233W,4
YHL027W,4
YHL011C,4
YPL249CA,4
YBR025C,4
YOR100C,4
YDR386W,4
YMR217W,4
YMR277W,4
YKL078W,4
YDR071C,4
YBR137W,4
YDR287W,4
YCL051W,4
YMR313C,4
YBL074C,4
YPR125W,4
YEL061C,4
YGR264C,4
YDR475C,4
YGR174C,4
YIL050W,4
YKL026C,4
YKR020W,4
YDL105W,4
YNL062C,4
YLR238W,4
YPR132W,4
YKL144C,4
YBR229C,4
YGR123C,4
YMR204C,4
YDR292C,4
YBR296C,4
YHR068W,4
YGR250C,4
YBL021C,4
YNL196C,4
YCL050C,4
YAL048C,4
YDL127W,4
YNL096C,4
YNL148C,4
YBR024W,4
YLR125W,4
YJL013C,4
YJL200C,4
YDR479C,4
YIR017C,4
YNR012W,4
YGL162W,4
YNL099C,4
YHL003C,4
YML130C,4
YGL091C,4
YNL291C,4
YDR384C,4
YNL180C,4
YDR503C,4
CX46,4
YLR024C,4
YBL037W,4
YOR253W,4
YGR006W,4
YKR057W,4
YOR163W,4
YMR044W,4
YPR169W,4
YER003C,4
YJL172W,4
YFL055W,4
YPL092W,4
YJL088W,4
YJL129C,4
YDR306C,4
YNL177C,4
YFR042W,4
YGR032W,4
YBR256C,4
YDL235C,4
YLR201C,4
YIL041W,4
YDR025W,4
YLL054C,4
YPR001W,4
YDR106W,4
YGL119W,4
YBR073W,4
YPR062W,4
YMR024W,4
YKL167C,4
YMR067C,4
YKL025C,4
CX78,4
CX79,4
YDR161W,4
YJR064W,4
YPR075C,4
YKR018C,4
YNL309W,4
YOR017W,4
YPL198W,4
YGL142C,4
YBR233WA,4
YHR079CA,4
YLR360W,4
YKL081W,4
YOR369C,4
YOR352W,4
YIL006W,4
YDR529C,4
YMR319C,4
YBL031W,4
YCL017C,4
YER038C,4
YFL047W,4
YGR208W,4
YDL122W,4
YDR170WA,4
YLR385C,4
YJL136C,4
CX101,4
YHR046C,4
YLR168C,4
YJR058C,4
YLR285W,4
YER074W,4
YNL153C,4
YJL083W,4
YCL056C,4
YLR287C,4
YBR249C,4
YLR332W,4
YOR058C,4
YHR026W,4
YOR275C,4
YOR090C,4
YBR131W,4
YOR323C,4
YLR084C,4
YLL034C,4
YBR084CA,4
YER159C,4
YBR065C,4
CX59,4
YDR358W,4
YKR017C,4
YBR128C,4
YHR067W,3
YOR011W,3
YBR004C,3
YKL190W,3
YDL098C,3
YFL045C,3
YPL134C,3
YLR219W,3
YOL096C,3
YGL121C,3
YHR025W,3
YOL058W,3
YJR135WA,3
YOR093C,3
YOR322C,3
YPL104W,3
YBR293W,3
YLR355C,3
YBR222C,3
YHR112C,3
YPL239W,3
YER067W,3
YOL076W,3
YER145C,3
YLL057C,3
YLR017W,3
YLR097C,3
YER041W,3
YNL323W,3
CX49,3
YML072C,3
YKL019W,3
YDR082W,3
YMR280C,3
YNL328C,3
YGL192W,3
YML126C,3
YKL077W,3
YOR032C,3
YJL123C,3
YAL009W,3
YBR129C,3
YNL151C,3
YHR133C,3
YBR283C,3
YOR321W,3
YNL256W,3
CYC13,3
YDR347W,3
YKR089C,3
YER079W,3
YPR017C,3
YMR247C,3
YGL128C,3
YML097C,3
CX8,3
YOR165W,3
YAL054C,3
YJR139C,3
YGL017W,3
YBR162C,3
YDR279W,3
YKL061W,3
YNL297C,3
YDR204W,3
YDR014W,3
YGR168C,3
YBR213W,3
YPL149W,3
YMR226C,3
YNL281W,3
YDR487C,3
YBR185C,3
YPL222W,3
YDR420W,3
YGR008C,3
CX1,3
CX6,3
CX7,3
YCL066W,3
YLR095C,3
YER062C,3
YEL043W,3
YDL015C,3
YER160C,3
YBR110W,3
YGL018C,3
YKL120W,3
YGR248W,3
YDR447C,3
YPL098C,3
YGR239C,3
YMR133W,3
YIL103W,3
YLR406C,3
YLR398C,3
YBR221C,3
YOL073C,3
YLR376C,3
YDR419W,3
YOR278W,3
YKR096W,3
YHR071W,3
YPR145W,3
YPR048W,3
YBR070C,3
CX99,3
YLR105C,3
YDR255C,3
YOR168W,3
YDR223W,3
YJR062C,3
YNL278W,3
YBL068W,3
YHR063C,3
YDR316W,3
YPL019C,3
YOL053W,3
YGR155W,3
YNL130C,3
YGR215W,3
YDR253C,3
YPL259C,3
YIL017C,3
YDR132C,3
YNL220W,3
YER069W,3
YML061C,3
YBR050C,3
YJL186W,3
CX84,3
YJR016C,3
YNL326C,3
YDR337W,3
YDL107W,3
CX42,3
YER034W,3
YBR068C,3
TNGUUO1,3
YIR009W,3
YHR097C,3
YKL004W,3
YPL243W,3
YMR096W,3
YBR101C,3
YDR320C,3
YNL087W,3
YNL223W,3
YIL116W,3
YJR103W,3
YBR265W,3
YGL248W,3
YDL177C,3
YMR250W,3
YER042W,3
YGL167C,3
YER124C,3
YGR196C,3
YJR077C,3
YER175C,3
YGR061C,3
YBL066C,3
YDR219C,3
YNL165W,3
YDR147W,3
YGR205W,3
YEL005C,3
YJL060W,3
YML115C,3
YIR034C,3
YOL103W,3
YBR151W,3
YCL025C,3
YBR168W,3
YAL031C,3
YIL057C,3
YCL034W,3
YBR208C,3
YIL097W,3
YMR311C,3
YML118W,3
YOR236W,3
YNR058W,3
YDL035C,3
YMR162C,3
YPL231W,3
YKL033W,3
YFL042C,3
YGR085C,3
YDR148C,3
YPL096W,3
YDL204W,3
YIL042C,3
YML075C,3
SNR7S,3
YHR163W,3
YPL056C,3
YLR187W,3
YMR062C,3
YMR159C,3
YER081W,3
YJL185C,3
YHR015W,3
YML119W,3
YBR263W,3
YPR174C,3
YEL055C,3
YER128W,3
YHL040C,3
YGR029W,3
YNR041C,3
YEL039C,3
YJL044C,3
YMR154C,3
CYC46,3
YDR234W,3
YHR195W,3
YDL125C,3
YPR020W,3
YLR228C,3
YDR453C,3
YLR373C,3
YPL117C,3
YJR035W,3
YDR070C,3
YNL321W,3
YML123C,3
YGL249W,3
YLR242C,3
YBL022C,3
YOL087C,3
YOR008C,3
YHR199CA,3
YOR095C,3
YLR308W,3
YJL153C,3
YHL018W,3
YOL065C,3
YPR089W,3
YDR063W,3
YNL224C,3
YBL013W,3
YER049W,3
YGL125W,3
YLR028C,3
YCR100C,3
YDR044W,3
SNR19,3
YNL091W,3
SNR14,3
YHR060W,3
YOR295W,3
YOL052C,3
CX28,3
YLR270W,3
YJL065C,3
YBR105C,3
YPL116W,3
YFL017C,3
YIL134W,3
YDL240W,3
YFR013W,3
YAR027W,3
YGR072W,3
YBL010C,3
YLR455W,3
YHR128W,3
YGR145W,3
YBR152W,3
YDL001W,3
YDR047W,3
YBR071W,3
YPL051W,3
YFR040W,3
YNL212W,3
YLR401C,3
YPR026W,3
YLR138W,3
YDR160W,3
YPL157W,3
YHL006C,3
YHR184W,3
YOR128C,3
YIL113W,3
YOR040W,3
YOL067C,3
YLR224W,3
YOR271C,3
CYC309,3
CYC300,3
YPL253C,3
YJR104C,3
YER014W,3
YMR171C,3
YEL003W,3
YPL244C,3
YBR061C,3
YMR257C,3
YDR046C,3
YPL219W,3
YLR422W,3
YJL103C,3
YNL042W,3
YIL020C,3
YER052C,3
YLR080W,3
YJL025W,3
YMR262W,3
YPR063C,3
YEL063C,3
YOR099W,3
YML023C,3
YKL156W,3
YLR227C,3
YDL091C,3
YKR066C,3
YNL086W,3
YCL018W,3
YBR181C,3
YER048WA,3
YLL038C,3
YGR007W,3
YMR182C,3
YLR329W,3
YDL154W,3
YNL294C,3
YOR193W,3
YGL056C,3
YJL207C,3
YBL095W,3
YDR267C,3
CX70,3
YML099C,3
YBR290W,3
YNL005C,3
YBR239C,3
YDR412W,3
YDR129C,3
YBR157C,3
YOR355W,3
YOL143C,3
YBR237W,3
YNL311C,3
YNL215W,3
YJL012C,3
YPR043W,3
YDL044C,3
YML110C,3
YMR046C,3
YGR220C,3
YML052W,3
YMR071C,3
YCR024C,3
YMR264W,3
CX60,3
YMR008C,3
YJR010W,3
YJL218W,3
YKL053CA,3
YNL071W,3
YDL093W,3
YIL167W,3
CYC299,3
YDR434W,3
YDL141W,3
YGR165W,3
YIL047C,3
YLR245C,3
YPR139C,3
YOR125C,3
YDR137W,3
YGR187C,3
YOR312C,3
YOL059W,3
YGR027C,3
YER051W,3
YPL281C,3
YDL123W,3
YPR060C,3
YOR265W,3
YOR155C,3
YBR044C,3
YGL038C,3
YLR074C,3
YOR108W,3
CX52,3
YER088C,3
YPL171C,3
YIL151C,3
YOR043W,2
YOR030W,2
YJR122W,2
YKR069W,2
YIL044C,2
YPL191C,2
YLR382C,2
YNL072W,2
YPL024W,2
YGR144W,2
YKL029C,2
YMR038C,2
YDR540C,2
YDR410C,2
YNR045W,2
CX51,2
YDL200C,2
YOR002W,2
CX85,2
YNL242W,2
YBR094W,2
YCR046C,2
YLR059C,2
YOL063C,2
YHR141C,2
YLR137W,2
CX88,2
YLR020C,2
YOR266W,2
YLR395C,2
YGR019W,2
YGL062W,2
YBL063W,2
YDR141C,2
YML043C,2
YLL035W,2
YNR044W,2
YGR198W,2
YDR068W,2
YBR228W,2
YGL144C,2
YDR348C,2
YBL098W,2
YDR515W,2
YPL087W,2
YDR302W,2
YHR178W,2
YLR069C,2
YPL187W,2
YOL003C,2
YNL137C,2
YAR008W,2
YPL105C,2
YJL096W,2
YBR011C,2
YDR315C,2
YDR322W,2
YKL096WA,2
YPL200W,2
YDR530C,2
YOR367W,2
YER168C,2
YBR243C,2
YCR097W,2
YDR021W,2
YGR081C,2
YPR095C,2
YHR202W,2
YCR020CA,2
YCR027C,2
YDL194W,2
YCL005WA,2
YEL044W,2
YGR043C,2
YLR435W,2
YPL088W,2
YDR078C,2
YBR037C,2
YDL138W,2
YIL146C,2
YDL176W,2
YPR122W,2
YKL034W,2
YMR281W,2
YNL058C,2
YPL160W,2
YHR168W,2
YGL189C,2
YGR183C,2
YOL036W,2
YOR031W,2
YIL048W,2
YDR194C,2
YOL049W,2
YNL257C,2
YIL093C,2
YDR463W,2
YPR031W,2
YJR101W,2
YNL240C,2
YPR163C,2
YBL015W,2
YHR110W,2
YGR193C,2
RDN51,2
YDR533C,2
YDR020C,2
CX17,2
YCR067C,2
YDR079W,2
YML038C,2
YMR108W,2
YGR067C,2
YGL053W,2
YGR237C,2
YGR202C,2
YDR014WA,2
YKR028W,2
YHR169W,2
YJL127C,2
YMR243C,2
YDR300C,2
YMR299C,2
YFR044C,2
YNL037C,2
YDR041W,2
YNL014W,2
YPL069C,2
YIL132C,2
YBR149W,2
YKR053C,2
YBR207W,2
YNL191W,2
YMR233W,2
YDR532C,2
YDR184C,2
YNR011C,2
YDR399W,2
YPL132W,2
YIL114C,2
YOR347C,2
YDR294C,2
YBR057C,2
YGL047W,2
YHR037W,2
YMR298W,2
YLR154C,2
YNL325C,2
YCR075C,2
CX21,2
YMR150C,2
YML059C,2
YKR045C,2
YPR002W,2
YJL031C,2
YMR058W,2
YGL067W,2
YBR148W,2
YLL042C,2
YMR021C,2
YBL086C,2
YFL041W,2
YER091C,2
YCR094W,2
YFR049W,2
YNR036C,2
YJR159W,2
YLR443W,2
YDR221W,2
YOR020C,2
YBR186W,2
YBR036C,2
YDR408C,2
YMR220W,2
YDR009W,2
YOR222W,2
YMR114C,2
YCR028C,2
YEL050C,2
TIUAUL,2
Q0120,2
YPR198W,2
YCL064C,2
YBL067C,2
CYC26,2
YNL202W,2
YGL040C,2
YLL031C,2
YBR021W,2
YGR255C,2
YNL252C,2
YPL183C,2
YGL185C,2
YMR059W,2
YPR005C,2
YBR003W,2
YOL140W,2
YPL005W,2
YGR170W,2
YAL058W,2
YLR316C,2
YGL225W,2
YNR057C,2
YDR296W,2
YHR064C,2
YNL133C,2
YFR048W,2
YNR037C,2
YMR163C,2
YHR139C,2
YPR188C,2
YPL059W,2
CYC59,2
YJL042W,2
YCR014C,2
YLR436C,2
YPR004C,2
YDL052C,2
YDL183C,2
YER011W,2
YEL071W,2
YMR272C,2
YAL062W,2
YKL094W,2
YNL009W,2
YCR071C,2
YBL080C,2
YDL205C,2
YIL122W,2
YJR113C,2
YAR033W,2
YPL137C,2
YBR199W,2
YHR136C,2
YBR246W,2
YDR462W,2
YGR171C,2
CYC201,2
YKL005C,2
YBR120C,2
YLL010C,2
YBR288C,2
YNL264C,2
YOL029C,2
YDR051C,2
YER010C,2
YPL279C,2
YLR336C,2
YDL022W,2
YPR021C,2
YGR084C,2
YHR103W,2
YDR042C,2
YMR188C,2
YCR095C,2
YBR001C,2
YPL076W,2
YCL039W,2
YLR352W,2
YBR121C,2
YIL096C,2
YCL016C,2
YER142C,2
YLR243W,2
YGR096W,2
YIL036W,2
YKR058W,2
YOR045W,2
YBL051C,2
YER119C,2
YGR058W,2
YGL129C,2
YLR031W,2
YDR045C,2
YAR010C,2
YOL088C,2
YDR488C,2
YOR334W,2
YOL064C,2
YLL027W,2
YDL171C,2
YBL027W,2
YMR056C,2
YPR179C,2
YPR066W,2
YMR214W,2
YBR146W,2
YOR262W,2
YKR030W,2
YLR431C,2
YPL048W,2
YPL179W,2
YNL082W,2
YFL018C,2
YDL178W,2
YPL079W,2
YLL023C,2
YBR153W,2
YMR289W,2
YAL015C,2
YLR273C,2
YKL007W,2
YCL038C,2
YNL250W,2
YLR193C,2
YIL064W,2
YLR460C,2
YLR051C,2
YIL073C,2
YMR228W,2
YDR501W,2
YGR286C,2
YHR004C,2
YER170W,2
YOR136W,2
YHR008C,2
CYC69,2
YDR100W,2
YER074WA,2
YBL069W,2
YDR353W,2
YCR099C,2
YKL119C,2
YER101C,2
YHR194W,2
CX27,2
YOR158W,2
YPL074W,2
YDR339C,2
YJR078W,2
YDR456W,2
YLR372W,2
YDR374WA,2
YKR077W,2
YNL305C,2
YGL221C,2
YDL233W,2
YHR153C,2
YML025C,2
YGL094C,2
YJR109C,2
YER117W,2
YBR048W,2
YDR116C,2
YKL189W,2
YOL031C,2
YGR012W,2
YDR389W,2
YDL027C,2
YOR126C,2
YFL021W,2
YGL020C,2
YGR206W,2
YMR261C,2
YLR038C,2
YMR170C,2
YLR070C,2
YPR166C,2
YNL034W,2
YKL090W,2
YFL034CA,2
YLR092W,2
YML068W,2
YLR154WC,2
YBR251W,2
YAL051W,2
YNL067W,2
YER001W,2
YFL004W,2
SNR7L,2
YJL151C,2
YDR367W,2
YIL066C,2
YJL073W,2
YGL170C,2
YMR092C,2
YGR024C,2
YBL020W,2
YLR010C,2
YGR153W,2
YAR035W,2
YMR063W,2
YOR037W,2
YDR183W,2
YGL222C,2
YAL022C,2
YLR039C,2
YER063W,2
YGL037C,2
YBR058C,2
YDL174C,2
YHR127W,2
YER083C,2
YOR202W,2
YJL209W,2
YIR027C,2
YDL197C,2
YMR019W,2
YOR129C,2
YGL254W,2
YCL057W,2
YBR005W,2
YMR113W,2
YJL134W,2
YIL052C,2
YDL142C,2
YAL034C,2
YKL122C,2
YOR349W,2
YNL292W,2
YIL138C,2
YCL045C,2
YOR292C,2
YDL067C,2
YMR256C,2
YBR194W,2
YDR003W,2
YIL009CA,2
YML027W,2
YKR099W,2
YER004W,2
YER028C,2
YLL016W,2
YER060W,2
YMR210W,2
YDL010W,2
YLL009C,2
YDL045C,2
YPL247C,2
YOR188W,2
YLR072W,2
YKL138C,2
YNL056W,2
YER086W,2
YLR264W,2
YLR177W,2
YMR110C,2
YCR065W,2
YDL085W,2
YFR025C,2
YGL082W,2
YCL009C,2
YKL149C,2
YJR111C,2
YBR216C,2
YPL164C,2
YER100W,2
YFR035C,2
YDR482C,2
YPR008W,2
YKL084W,2
YBR294W,2
YGL077C,2
YJR061W,2
YGR026W,2
YOL092W,2
YPL111W,2
YOL043C,2
YCR040W,2
YDR505C,2
YLR073C,2
YGL039W,2
YER183C,2
YBR295W,2
YPL260W,2
YGL238W,2
YKR095WA,2
YHL016C,2
YMR089C,2
YER005W,2
YBL054W,2
YPL176C,2
YGL087C,2
YDR175C,2
YLR035C,2
CX68,2
YNL315C,2
CX67,2
CX66,2
YDR140W,2
YNL054W,2
YLR361C,2
YFL022C,2
CX54,2
LSR1,2
CX53,2
YIL082WA,2
YPL189W,2
YGL224C,2
YLL018CA,2
YPR100W,2
YKR034W,2
YLR392C,2
YPL147W,2
YKL209C,2
YGR049W,2
YDR508C,2
YHR122W,2
YKL164C,2
YOL017W,2
YOR051C,2
YDR011W,2
YML100W,2
YBR281C,2
YPL207W,2
YMR169C,2
YER056CA,2
YKR060W,2
YEL046C,2
YDL189W,2
YMR212C,2
YGR243W,2
YEL017CA,2
YKL165C,2
YGR106C,2
YJL117W,2
YDR156W,2
YBR298CA,2
CX50,2
YLR284C,2
CX64,2
YGR221C,2
YDL045WA,2
YOL163W,1
YHR055C,1
TDGUCL1,1
TDGUCL2,1
YDL170W,1
YPL071C,1
YJL097W,1
YPR118W,1
YKL134C,1
YFL010WA,1
YGR089W,1
YOL116W,1
YHR101C,1
YKR061W,1
YDL018C,1
YLR188W,1
YJR108W,1
YJR115W,1
YBR043C,1
YDL238C,1
YBR096W,1
YOR283W,1
YOR303W,1
YIR022W,1
YNL080C,1
YBL033C,1
YER050C,1
YLR108C,1
YEL059CA,1
YLR163C,1
TDGUCJ4,1
YJR011C,1
YLR120C,1
YGR260W,1
YML009C,1
YBL090W,1
YJL078C,1
YMR079W,1
YMR013C,1
YLR363C,1
YPL028W,1
YKR046C,1
TRUCUM2,1
TRUCUM1,1
YPR149W,1
YNL015W,1
TDGUCK,1
YJR152W,1
YLR254C,1
YOR003W,1
YOR320C,1
YNL122C,1
TRACGQ2,1
YHR142W,1
YOR264W,1
YJR054W,1
YDL215C,1
YJL059W,1
YBR161W,1
YNL128W,1
YFR005C,1
YPR147C,1
YOL071W,1
YER144C,1
YEL030W,1
YGL063W,1
YLR286C,1
YMR303C,1
YCR098C,1
YMR278W,1
YMR207C,1
YOR197W,1
YMR178W,1
YOL129W,1
TRACGE,1
YOR307C,1
YLR467W,1
YDR524C,1
YCR047C,1
YPL223C,1
YDR437W,1
YCR010C,1
YMR152W,1
YLR408C,1
YDR109C,1
YLR094C,1
YDR232W,1
YKL055C,1
YFL030W,1
YOR130C,1
YGL235W,1
YKL003C,1
YMR302C,1
YML087C,1
YBR180W,1
YHL029C,1
YNL234W,1
YGL089C,1
YML104C,1
YJR117W,1
YBR259W,1
YGR111W,1
YGL155W,1
CYC146,1
YNL327W,1
YLR077W,1
YNL219C,1
YBL019W,1
YER147C,1
YLL033W,1
YHR201C,1
CX0,1
YER043C,1
YBR074W,1
YGR191W,1
YOR150W,1
YPL096CA,1
YMR315W,1
YOR242C,1
YDR115W,1
YPL282C,1
YGR257C,1
YDR144C,1
YOR180C,1
YKL175W,1
YFL046W,1
YMR179W,1
YIR012W,1
YJL063C,1
YLR278C,1
YIL002WA,1
YOR391C,1
YBR183W,1
YGL183C,1
YMR293C,1
YBR066C,1
YJL161W,1
YCR082W,1
YJL158C,1
YPL052W,1
YIL003W,1
YBR210W,1
YEL007W,1
YGR143W,1
YNR022C,1
YMR035W,1
YKL015W,1
YBR132C,1
YPL192C,1
YDR361C,1
YNR002C,1
YHR159W,1
YDR452W,1
CYC153,1
YOR148C,1
YHL035C,1
YJL217W,1
YKL137W,1
YNL048W,1
YDR056C,1
YKR070W,1
YGR296W,1
YGR281W,1
YHR123W,1
YKR091W,1
YOL060C,1
YOR059C,1
YOR137C,1
YPL060W,1
YJL192C,1
CX18,1
YOR238W,1
YLR054C,1
YLR333C,1
YNR065C,1
YDL129W,1
YLR388W,1
YPR128C,1
YNL010W,1
CX94,1
YPR151C,1
YGL006W,1
YPL006W,1
YOR293W,1
YKL105C,1
YCL047C,1
YML060W,1
YBL060W,1
YLR050C,1
YNR048W,1
YLR099WA,1
YFL025C,1
YPL270W,1
YJL159W,1
YJR137C,1
YNR069C,1
YJR040W,1
YHR043C,1
YJR008W,1
YHR132WA,1
YJL181W,1
YAR031W,1
YBR220C,1
YHR006W,1
YJR088C,1
YPL053C,1
YHR018C,1
YKL032C,1
YHR116W,1
YDR402C,1
YOL107W,1
YFR016C,1
YPR137CB,1
YDR527W,1
YML116W,1
YNR056C,1
YDR185C,1
TRCCGL,1
YOR386W,1
YHL038C,1
YER071C,1
YBR287W,1
YCR048W,1
YDR104C,1
YIR039C,1
YIL171W,1
YOR060C,1
YGL110C,1
YBL102W,1
YKR088C,1
YHR001WA,1
YJR080C,1
YHL010C,1
YIL123W,1
YCR015C,1
YKL157W,1
TQCUGM,1
YPL083C,1
YFR032CA,1
YMR198W,1
YHR019C,1
YNL295W,1
YKL163W,1
YIL130W,1
YKR085C,1
YDR319C,1
YJR136C,1
YGL164C,1
YIR021W,1
TRUCUJ1,1
YMR310C,1
YOL028C,1
YBL038W,1
YGL033W,1
YOR363C,1
TTUGUG2,1
TTUGUG1,1
YDR331W,1
YCR003W,1
YBR052C,1
YPL029W,1
YJL201W,1
YDL167C,1
YBL091CA,1
YGR016W,1
YHR021C,1
YER093CA,1
YBR002C,1
YKL154W,1
YHR065C,1
YOL109W,1
SNR42,1
YPL027W,1
YMR174C,1
YDR050C,1
YBR255CA,1
YPL241C,1
YLL048C,1
TMCAUQ1,1
YPL066W,1
YOL030W,1
YPL036W,1
YGR217W,1
YMR136W,1
YPR108WA,1
TLUAAQ,1
YDR165W,1
YGL231C,1
YGL168W,1
YML070W,1
YMR070W,1
YGR207C,1
TTAGUI2,1
YOR044W,1
YLR312WA,1
YER150W,1
YNL279W,1
YMR222C,1
YGR197C,1
YOL011W,1
YPR203W,1
YHR149C,1
YOL098C,1
YLR390WA,1
YIL005W,1
YBR235W,1
YMR119W,1
YMR215W,1
YKR003W,1
YBR030W,1
YGR059W,1
YDL193W,1
YMR208W,1
YER134C,1
YNR068C,1
YGR004W,1
YHR150W,1
Q0115,1
YPR045C,1
YDL069C,1
SNR47,1
YJR069C,1
YGR023W,1
YOR280C,1
YBR158W,1
YER096W,1
YER056C,1
YMR157C,1
YJL180C,1
YNL306W,1
YCR017C,1
YDR237W,1
YOR182C,1
YPL003W,1
YLL032C,1
YIR028W,1
TDGUCG1,1
TDGUCG2,1
YOR147W,1
YPL156C,1
YGR070W,1
YKL133C,1
YJL125C,1
CX92,1
YLR035CA,1
YDL133CA,1
YNL008C,1
YIL161W,1
TRACGD,1
TRACGO,1
TRACGK,1
TRACGJ,1
YGL065C,1
YNR059W,1
YNL230C,1
YIL124W,1
CX61,1
YBR240C,1
YDR019C,1
YBR053C,1
YKR105C,1
YOL110W,1
YER077C,1
YJR029W,1
YOR221C,1
YDL199C,1
YML058WA,1
YDR258C,1
YER055C,1
YBR085W,1
YEL060C,1
YKR049C,1
YPL055C,1
YPR006C,1
YER048C,1
YLR047C,1
TRUCUJ2,1
YDR374C,1
YJL071W,1
YNL310C,1
YNL123W,1
CX32,1
YJL162C,1
YLR426W,1
YPR199C,1
YPL274W,1
YPL097W,1
YDR459C,1
YOR227W,1
YDR514C,1
YAL037W,1
YNL024CA,1
TTAGUO2,1
TTAGUO1,1
YIR019C,1
TDGUCQ,1
YJL213W,1
YHL047C,1
YGL251C,1
YGR199W,1
YHL050C,1
YPL208W,1
YLL051C,1
YNL032W,1
YGR035C,1
YLR326W,1
YML132W,1
YKL128C,1
YDR119WA,1
YMR095C,1
YLR164W,1
YDL033C,1
YHR209W,1
YGL247W,1
YML050W,1
YOR255W,1
YHR204W,1
YPR047W,1
TTAGUH,1
CX91,1
YJL101C,1
YLR173W,1
YFL062W,1
YIL117C,1
TRACGL,1
YHR049W,1
YBR007C,1
CX22,1
YML078W,1
YCR083W,1
CX29,1
YKL039W,1
YIR018W,1
TDGUCI2,1
TDGUCI1,1
YDL224C,1
YNL111C,1
YPL058C,1
TRUCUG1,1
YKL086W,1
TRUCUG2,1
YLR459W,1
YJL170C,1
YER060WA,1
YLL015W,1
YMR016C,1
YNL033W,1
YLR389C,1
TTAGUN1,1
TTAGUN2,1
YOR356W,1
YFR043C,1
YPL123C,1
YBR150C,1
YIL043C,1
TDGUCO,1
YNL162W,1
YBR218C,1
YGL174W,1
YHR106W,1
YNL164C,1
YNL211C,1
YBL036C,1
YMR238W,1
YPR073C,1
SNR32,1
YHR022C,1
YLL040C,1
YMR180C,1
YOR336W,1
YKL216W,1
YML021C,1
YLR139C,1
YOR223W,1
YER053C,1
YMR101C,1
TTAGUI1,1
YKL056C,1
YKR078W,1
YAL060W,1
YNL318C,1
YER138C,1
YBR006W,1
YCR036W,1
YDR038C,1
YKL188C,1
YDL110C,1
YGR065C,1
YPL189CA,1
YHR199C,1
YDL090C,1
YFL014W,1
YLR185W,1
YDL243C,1
YPL175W,1
YMR160W,1
YNL023C,1
YKL075C,1
YNL181W,1
YDR163W,1
YOR173W,1
YOR104W,1
YLR220W,1
YDR243C,1
YGL166W,1
YCL073C,1
YJL160C,1
YJR131W,1
YIL128W,1
YAL068C,1
YLL060C,1
TMCAUC,1
YNL259C,1
YOR337W,1
TTAGUD,1
YOL023W,1
YOR330C,1
YDR400W,1
TTAGUC,1
TTAGUB,1
YPL119C,1
YOR192CC,1
YAR064W,1
YBR090C,1
YMR259C,1
YKL024C,1
YOR375C,1
YPR158W,1
YOR306C,1
YMR065W,1
YNL204C,1
YDR033W,1
YHL014C,1
YKL151C,1
YCL040W,1
YKR093W,1
YPR112C,1
YKR019C,1
YGR279C,1
YLR427W,1
YDR213W,1
TDGUCD,1
TDGUCB,1
TDGUCN,1
TDGUCM,1
YPR134W,1
YGL021W,1
YGL096W,1
YPR010CA,1
YER007CA,1
YHR146W,1
YHR198C,1
CYC276,1
YNL333W,1
YLR250W,1
YIL165C,1
YOL042W,1
YFR039C,1
YBR236C,1
YOR354C,1
YNL187W,1
YMR300C,1
YAL018C,1
YGL143C,1
YLR001C,1
YOL020W,1
YHR124W,1
YGL242C,1
YIL087C,1
YOL153C,1
YOR086C,1
YHR020W,1
YOL033W,1
YER182W,1
YPL250C,1
YMR158W,1
YDR105C,1
YCR023C,1
YKR076W,1
YDR270W,1
Q0160,1
YDL121C,1
YDL180W,1
YGR230W,1
YDL058W,1
YFR030W,1
YOR289W,1
YPL227C,1
YGL036W,1
YJR143C,1
YJL003W,1
YHR044C,1
YKL170W,1
YKR023W,1
CX71,1
CX73,1
CX75,1
CX77,1
YML022W,1
YGL101W,1
YGR244C,1
YKL072W,1
TDGUCJ2,1
TDGUCJ3,1
TDGUCJ1,1
YGR102C,1
YDR081C,1
YML014W,1
YBR139W,1
YHR188C,1
YLR287CA,1
YBL100WA,1
YLR445W,1
YGR271CA,1
YOR315W,1
YOL075C,1
YAR028W,1
YML107C,1
TRUCUG3,1
YCL036W,1
TRUCUQ1,1
YBR197C,1
YHR038W,1
YJL093C,1
YJL197W,1
YER158C,1
YEL064C,1
YOR219C,1
YER061C,1
YNR004W,1
YHR147C,1
YHR024C,1
YLR419W,1
YOR228C,1
YMR193W,1
YCR053W,1
YOR380W,1
TTAGUJ,1
YNL339C,1
YMR144W,1
YHR036W,1
YBR063C,1
YDR518W,1
YCL052C,1
YGL136C,1
YLL017W,1
YPR061C,1
YHR189W,1
YOL124C,1
YDR545W,1
YNR043W,1
YPL070W,1
YOL101C,1
YMR064W,1
YJR036C,1
YHR179W,1
YLR267W,1
YDL219W,1
YPL038W,1
YJL056C,1
YGR055W,1
TRUCUK,1
TRUCUB,1
YNR026C,1
TRUCUE,1
TRUCUD,1
YOR084W,1
YPL041C,1
YOR016C,1
YOR068C,1
YLR172C,1
YDL061C,1
YAR042W,1
YER180CA,1
YOL056W,1
YDR006C,1
YLR327C,1
YGL068W,1
YLR325C,1
YKR074W,1
YMR105C,1
YEL066W,1
YMR087W,1
YOR205C,1
YIR032C,1
YHR113W,1
YPR117W,1
YJR106W,1
YDR538W,1
TTUGUP,1
TTUGUH,1
YPR148C,1
YJL068C,1
CX56,1
YOR167C,1
YDR305C,1
YDR205W,1
YNL185C,1
YJL035C,1
YCR089W,1
YBL059CA,1